backend,threads,nx,topo,r_std,rx0,h_ratio,cfl,solver,iterations,wall_s,residual,l2_vs_ref
fortran_omp,1,1024,flat,0.000000,0.000000,1.0000,2,pcg_jacobi,24,2.120790e-01,9.600e-11,1.188e-10
fortran_omp,16,1024,flat,0.000000,0.000000,1.0000,2,pcg_jacobi,24,1.614500e-02,9.600e-11,1.188e-10
fortran_omp,32,1024,flat,0.000000,0.000000,1.0000,2,pcg_jacobi,24,1.214600e-02,9.600e-11,1.188e-10
fortran_serial,1,1024,flat,0.000000,0.000000,1.0000,2,pcg_jacobi,24,6.276080e-02,9.600e-11,1.188e-10
openacc,0,1024,flat,0.000000,0.000000,1.0000,2,pcg_jacobi,24,3.488100e-03,9.600e-11,1.188e-10
cuda,0,1024,flat,0.000000,0.000000,1.0000,2,pcg_jacobi,24,2.971495e-03,9.600e-11,1.188e-10
fortran_omp,1,1024,flat,0.000000,0.000000,1.0000,2,pcg_rbgs,12,2.288971e-01,7.745e-11,9.590e-11
fortran_omp,16,1024,flat,0.000000,0.000000,1.0000,2,pcg_rbgs,12,1.654290e-02,7.745e-11,9.590e-11
fortran_omp,32,1024,flat,0.000000,0.000000,1.0000,2,pcg_rbgs,12,1.504700e-02,7.745e-11,9.590e-11
fortran_serial,1,1024,flat,0.000000,0.000000,1.0000,2,pcg_rbgs,12,1.240652e-01,7.745e-11,9.590e-11
openacc,0,1024,flat,0.000000,0.000000,1.0000,2,pcg_rbgs,12,3.367000e-03,7.745e-11,9.590e-11
cuda,0,1024,flat,0.000000,0.000000,1.0000,2,pcg_rbgs,12,3.224227e-03,7.745e-11,9.590e-11
fortran_omp,1,1024,flat,0.000000,0.000000,1.0000,2,multigrid,6,2.623222e-01,2.667e-12,4.157e-12
fortran_omp,16,1024,flat,0.000000,0.000000,1.0000,2,multigrid,6,2.322100e-02,2.667e-12,4.157e-12
fortran_omp,32,1024,flat,0.000000,0.000000,1.0000,2,multigrid,6,3.216290e-02,2.667e-12,4.157e-12
fortran_serial,1,1024,flat,0.000000,0.000000,1.0000,2,multigrid,6,2.094970e-01,2.667e-12,4.157e-12
openacc,0,1024,flat,0.000000,0.000000,1.0000,2,multigrid,6,2.574610e-02,2.667e-12,4.157e-12
cuda,0,1024,flat,0.000000,0.000000,1.0000,2,multigrid,6,4.719839e-03,2.667e-12,4.157e-12
fortran_omp,1,1024,flat,0.000000,0.000000,1.0000,8,pcg_jacobi,91,8.000961e-01,9.178e-11,2.244e-10
fortran_omp,16,1024,flat,0.000000,0.000000,1.0000,8,pcg_jacobi,91,5.754110e-02,9.178e-11,2.244e-10
fortran_omp,32,1024,flat,0.000000,0.000000,1.0000,8,pcg_jacobi,91,6.907110e-02,9.178e-11,2.244e-10
fortran_serial,1,1024,flat,0.000000,0.000000,1.0000,8,pcg_jacobi,91,2.308779e-01,9.178e-11,2.244e-10
openacc,0,1024,flat,0.000000,0.000000,1.0000,8,pcg_jacobi,91,1.318690e-02,9.178e-11,2.244e-10
cuda,0,1024,flat,0.000000,0.000000,1.0000,8,pcg_jacobi,91,1.116732e-02,9.178e-11,2.244e-10
fortran_omp,1,1024,flat,0.000000,0.000000,1.0000,8,pcg_rbgs,46,8.721149e-01,6.670e-11,1.628e-10
fortran_omp,16,1024,flat,0.000000,0.000000,1.0000,8,pcg_rbgs,46,7.367710e-02,6.670e-11,1.628e-10
fortran_omp,32,1024,flat,0.000000,0.000000,1.0000,8,pcg_rbgs,46,5.586190e-02,6.670e-11,1.628e-10
fortran_serial,1,1024,flat,0.000000,0.000000,1.0000,8,pcg_rbgs,46,4.858470e-01,6.670e-11,1.628e-10
openacc,0,1024,flat,0.000000,0.000000,1.0000,8,pcg_rbgs,46,1.272890e-02,6.670e-11,1.628e-10
cuda,0,1024,flat,0.000000,0.000000,1.0000,8,pcg_rbgs,46,1.225906e-02,6.670e-11,1.628e-10
fortran_omp,1,1024,flat,0.000000,0.000000,1.0000,8,multigrid,9,3.748381e-01,7.890e-11,1.658e-10
fortran_omp,16,1024,flat,0.000000,0.000000,1.0000,8,multigrid,9,4.232810e-02,7.890e-11,1.658e-10
fortran_omp,32,1024,flat,0.000000,0.000000,1.0000,8,multigrid,9,2.721780e-02,7.890e-11,1.658e-10
fortran_serial,1,1024,flat,0.000000,0.000000,1.0000,8,multigrid,9,3.218630e-01,7.890e-11,1.658e-10
openacc,0,1024,flat,0.000000,0.000000,1.0000,8,multigrid,9,3.793710e-02,7.890e-11,1.658e-10
cuda,0,1024,flat,0.000000,0.000000,1.0000,8,multigrid,9,7.087150e-03,7.890e-11,1.658e-10
fortran_omp,1,1024,flat,0.000000,0.000000,1.0000,32,pcg_jacobi,352,3.084283e+00,9.664e-11,4.748e-10
fortran_omp,16,1024,flat,0.000000,0.000000,1.0000,32,pcg_jacobi,352,2.457170e-01,9.664e-11,4.748e-10
fortran_omp,32,1024,flat,0.000000,0.000000,1.0000,32,pcg_jacobi,352,2.749820e-01,9.664e-11,4.748e-10
fortran_serial,1,1024,flat,0.000000,0.000000,1.0000,32,pcg_jacobi,352,8.952779e-01,9.664e-11,4.748e-10
openacc,0,1024,flat,0.000000,0.000000,1.0000,32,pcg_jacobi,352,4.994610e-02,9.664e-11,4.748e-10
cuda,0,1024,flat,0.000000,0.000000,1.0000,32,pcg_jacobi,352,4.311934e-02,9.664e-11,4.748e-10
fortran_omp,1,1024,flat,0.000000,0.000000,1.0000,32,pcg_rbgs,176,3.328535e+00,9.488e-11,4.664e-10
fortran_omp,16,1024,flat,0.000000,0.000000,1.0000,32,pcg_rbgs,176,3.253040e-01,9.488e-11,4.664e-10
fortran_omp,32,1024,flat,0.000000,0.000000,1.0000,32,pcg_rbgs,176,3.189449e-01,9.488e-11,4.664e-10
fortran_serial,1,1024,flat,0.000000,0.000000,1.0000,32,pcg_rbgs,176,1.866332e+00,9.488e-11,4.664e-10
openacc,0,1024,flat,0.000000,0.000000,1.0000,32,pcg_rbgs,176,4.783200e-02,9.488e-11,4.664e-10
cuda,0,1024,flat,0.000000,0.000000,1.0000,32,pcg_rbgs,176,4.645549e-02,9.488e-11,4.664e-10
fortran_omp,1,1024,flat,0.000000,0.000000,1.0000,32,multigrid,10,4.476659e-01,7.172e-11,1.727e-10
fortran_omp,16,1024,flat,0.000000,0.000000,1.0000,32,multigrid,10,4.138520e-02,7.172e-11,1.727e-10
fortran_omp,32,1024,flat,0.000000,0.000000,1.0000,32,multigrid,10,3.594520e-02,7.172e-11,1.727e-10
fortran_serial,1,1024,flat,0.000000,0.000000,1.0000,32,multigrid,10,3.278801e-01,7.172e-11,1.727e-10
openacc,0,1024,flat,0.000000,0.000000,1.0000,32,multigrid,10,4.159900e-02,7.172e-11,1.727e-10
cuda,0,1024,flat,0.000000,0.000000,1.0000,32,multigrid,10,7.848061e-03,7.172e-11,1.727e-10
fortran_omp,1,1024,flat,0.000000,0.000000,1.0000,128,pcg_jacobi,1291,1.130264e+01,9.909e-11,6.806e-10
fortran_omp,16,1024,flat,0.000000,0.000000,1.0000,128,pcg_jacobi,1291,9.312830e-01,9.909e-11,6.806e-10
fortran_omp,32,1024,flat,0.000000,0.000000,1.0000,128,pcg_jacobi,1291,1.090121e+00,9.909e-11,6.806e-10
fortran_serial,1,1024,flat,0.000000,0.000000,1.0000,128,pcg_jacobi,1291,3.285136e+00,9.909e-11,6.806e-10
openacc,0,1024,flat,0.000000,0.000000,1.0000,128,pcg_jacobi,1291,1.852820e-01,9.909e-11,6.806e-10
cuda,0,1024,flat,0.000000,0.000000,1.0000,128,pcg_jacobi,1291,1.589926e-01,9.909e-11,6.806e-10
fortran_omp,1,1024,flat,0.000000,0.000000,1.0000,128,pcg_rbgs,646,1.220525e+01,9.636e-11,6.637e-10
fortran_omp,16,1024,flat,0.000000,0.000000,1.0000,128,pcg_rbgs,646,1.307878e+00,9.636e-11,6.637e-10
fortran_omp,32,1024,flat,0.000000,0.000000,1.0000,128,pcg_rbgs,646,1.296764e+00,9.636e-11,6.637e-10
fortran_serial,1,1024,flat,0.000000,0.000000,1.0000,128,pcg_rbgs,646,6.721144e+00,9.636e-11,6.637e-10
openacc,0,1024,flat,0.000000,0.000000,1.0000,128,pcg_rbgs,646,1.766009e-01,9.636e-11,6.637e-10
cuda,0,1024,flat,0.000000,0.000000,1.0000,128,pcg_rbgs,646,1.715598e-01,9.636e-11,6.637e-10
fortran_omp,1,1024,flat,0.000000,0.000000,1.0000,128,multigrid,11,4.904551e-01,1.320e-11,2.910e-11
fortran_omp,16,1024,flat,0.000000,0.000000,1.0000,128,multigrid,11,5.264490e-02,1.320e-11,2.910e-11
fortran_omp,32,1024,flat,0.000000,0.000000,1.0000,128,multigrid,11,3.301810e-02,1.320e-11,2.910e-11
fortran_serial,1,1024,flat,0.000000,0.000000,1.0000,128,multigrid,11,4.079251e-01,1.320e-11,2.910e-11
openacc,0,1024,flat,0.000000,0.000000,1.0000,128,multigrid,11,4.467580e-02,1.320e-11,2.910e-11
cuda,0,1024,flat,0.000000,0.000000,1.0000,128,multigrid,11,8.627169e-03,1.320e-11,2.910e-11
fortran_omp,1,1024,rough0.02,0.020000,0.003730,1.1576,2,pcg_jacobi,24,2.123391e-01,5.764e-11,7.138e-11
fortran_omp,16,1024,rough0.02,0.020000,0.003730,1.1576,2,pcg_jacobi,24,1.764590e-02,5.764e-11,7.138e-11
fortran_omp,32,1024,rough0.02,0.020000,0.003730,1.1576,2,pcg_jacobi,24,1.202700e-02,5.764e-11,7.138e-11
fortran_serial,1,1024,rough0.02,0.020000,0.003730,1.1576,2,pcg_jacobi,24,6.216000e-02,5.764e-11,7.138e-11
openacc,0,1024,rough0.02,0.020000,0.003730,1.1576,2,pcg_jacobi,24,3.540000e-03,5.764e-11,7.138e-11
cuda,0,1024,rough0.02,0.020000,0.003730,1.1576,2,pcg_jacobi,24,2.980628e-03,5.764e-11,7.138e-11
fortran_omp,1,1024,rough0.02,0.020000,0.003730,1.1576,2,pcg_rbgs,12,2.287500e-01,4.598e-11,5.695e-11
fortran_omp,16,1024,rough0.02,0.020000,0.003730,1.1576,2,pcg_rbgs,12,1.706910e-02,4.598e-11,5.695e-11
fortran_omp,32,1024,rough0.02,0.020000,0.003730,1.1576,2,pcg_rbgs,12,2.684490e-02,4.598e-11,5.695e-11
fortran_serial,1,1024,rough0.02,0.020000,0.003730,1.1576,2,pcg_rbgs,12,1.270821e-01,4.598e-11,5.695e-11
openacc,0,1024,rough0.02,0.020000,0.003730,1.1576,2,pcg_rbgs,12,3.349000e-03,4.598e-11,5.695e-11
cuda,0,1024,rough0.02,0.020000,0.003730,1.1576,2,pcg_rbgs,12,3.246771e-03,4.598e-11,5.695e-11
fortran_omp,1,1024,rough0.02,0.020000,0.003730,1.1576,2,multigrid,5,2.238519e-01,9.696e-11,1.479e-10
fortran_omp,16,1024,rough0.02,0.020000,0.003730,1.1576,2,multigrid,5,2.444000e-02,9.696e-11,1.479e-10
fortran_omp,32,1024,rough0.02,0.020000,0.003730,1.1576,2,multigrid,5,1.540210e-02,9.696e-11,1.479e-10
fortran_serial,1,1024,rough0.02,0.020000,0.003730,1.1576,2,multigrid,5,1.876461e-01,9.696e-11,1.479e-10
openacc,0,1024,rough0.02,0.020000,0.003730,1.1576,2,multigrid,5,2.226490e-02,9.696e-11,1.479e-10
cuda,0,1024,rough0.02,0.020000,0.003730,1.1576,2,multigrid,5,3.940470e-03,9.696e-11,1.479e-10
fortran_omp,1,1024,rough0.02,0.020000,0.003730,1.1576,8,pcg_jacobi,89,7.843831e-01,9.086e-11,2.242e-10
fortran_omp,16,1024,rough0.02,0.020000,0.003730,1.1576,8,pcg_jacobi,89,6.246400e-02,9.086e-11,2.242e-10
fortran_omp,32,1024,rough0.02,0.020000,0.003730,1.1576,8,pcg_jacobi,89,8.808610e-02,9.086e-11,2.242e-10
fortran_serial,1,1024,rough0.02,0.020000,0.003730,1.1576,8,pcg_jacobi,89,2.315309e-01,9.086e-11,2.242e-10
openacc,0,1024,rough0.02,0.020000,0.003730,1.1576,8,pcg_jacobi,89,1.289410e-02,9.086e-11,2.242e-10
cuda,0,1024,rough0.02,0.020000,0.003730,1.1576,8,pcg_jacobi,89,1.096582e-02,9.086e-11,2.242e-10
fortran_omp,1,1024,rough0.02,0.020000,0.003730,1.1576,8,pcg_rbgs,45,8.585830e-01,6.586e-11,1.622e-10
fortran_omp,16,1024,rough0.02,0.020000,0.003730,1.1576,8,pcg_rbgs,45,7.433700e-02,6.586e-11,1.622e-10
fortran_omp,32,1024,rough0.02,0.020000,0.003730,1.1576,8,pcg_rbgs,45,1.025109e-01,6.586e-11,1.622e-10
fortran_serial,1,1024,rough0.02,0.020000,0.003730,1.1576,8,pcg_rbgs,45,4.680081e-01,6.586e-11,1.622e-10
openacc,0,1024,rough0.02,0.020000,0.003730,1.1576,8,pcg_rbgs,45,1.238100e-02,6.586e-11,1.622e-10
cuda,0,1024,rough0.02,0.020000,0.003730,1.1576,8,pcg_rbgs,45,1.195203e-02,6.586e-11,1.622e-10
fortran_omp,1,1024,rough0.02,0.020000,0.003730,1.1576,8,multigrid,9,4.079871e-01,7.062e-11,1.464e-10
fortran_omp,16,1024,rough0.02,0.020000,0.003730,1.1576,8,multigrid,9,2.839680e-02,7.062e-11,1.464e-10
fortran_omp,32,1024,rough0.02,0.020000,0.003730,1.1576,8,multigrid,9,5.103110e-02,7.062e-11,1.464e-10
fortran_serial,1,1024,rough0.02,0.020000,0.003730,1.1576,8,multigrid,9,3.152549e-01,7.062e-11,1.464e-10
openacc,0,1024,rough0.02,0.020000,0.003730,1.1576,8,multigrid,9,3.758780e-02,7.062e-11,1.464e-10
cuda,0,1024,rough0.02,0.020000,0.003730,1.1576,8,multigrid,9,7.070855e-03,7.062e-11,1.464e-10
fortran_omp,1,1024,rough0.02,0.020000,0.003730,1.1576,32,pcg_jacobi,343,3.004984e+00,9.779e-11,4.774e-10
fortran_omp,16,1024,rough0.02,0.020000,0.003730,1.1576,32,pcg_jacobi,343,2.402351e-01,9.779e-11,4.774e-10
fortran_omp,32,1024,rough0.02,0.020000,0.003730,1.1576,32,pcg_jacobi,343,2.301340e-01,9.779e-11,4.774e-10
fortran_serial,1,1024,rough0.02,0.020000,0.003730,1.1576,32,pcg_jacobi,343,8.647521e-01,9.779e-11,4.774e-10
openacc,0,1024,rough0.02,0.020000,0.003730,1.1576,32,pcg_jacobi,343,4.860180e-02,9.779e-11,4.774e-10
cuda,0,1024,rough0.02,0.020000,0.003730,1.1576,32,pcg_jacobi,343,4.211502e-02,9.779e-11,4.774e-10
fortran_omp,1,1024,rough0.02,0.020000,0.003730,1.1576,32,pcg_rbgs,172,3.276902e+00,9.031e-11,4.394e-10
fortran_omp,16,1024,rough0.02,0.020000,0.003730,1.1576,32,pcg_rbgs,172,2.934642e-01,9.031e-11,4.394e-10
fortran_omp,32,1024,rough0.02,0.020000,0.003730,1.1576,32,pcg_rbgs,172,3.059709e-01,9.031e-11,4.394e-10
fortran_serial,1,1024,rough0.02,0.020000,0.003730,1.1576,32,pcg_rbgs,172,1.803517e+00,9.031e-11,4.394e-10
openacc,0,1024,rough0.02,0.020000,0.003730,1.1576,32,pcg_rbgs,172,4.664700e-02,9.031e-11,4.394e-10
cuda,0,1024,rough0.02,0.020000,0.003730,1.1576,32,pcg_rbgs,172,4.542909e-02,9.031e-11,4.394e-10
fortran_omp,1,1024,rough0.02,0.020000,0.003730,1.1576,32,multigrid,10,4.109211e-01,7.019e-11,1.690e-10
fortran_omp,16,1024,rough0.02,0.020000,0.003730,1.1576,32,multigrid,10,3.199600e-02,7.019e-11,1.690e-10
fortran_omp,32,1024,rough0.02,0.020000,0.003730,1.1576,32,multigrid,10,3.177600e-02,7.019e-11,1.690e-10
fortran_serial,1,1024,rough0.02,0.020000,0.003730,1.1576,32,multigrid,10,3.669150e-01,7.019e-11,1.690e-10
openacc,0,1024,rough0.02,0.020000,0.003730,1.1576,32,multigrid,10,4.076700e-02,7.019e-11,1.690e-10
cuda,0,1024,rough0.02,0.020000,0.003730,1.1576,32,multigrid,10,7.836473e-03,7.019e-11,1.690e-10
fortran_omp,1,1024,rough0.02,0.020000,0.003730,1.1576,128,pcg_jacobi,1303,1.140878e+01,9.881e-11,9.024e-10
fortran_omp,16,1024,rough0.02,0.020000,0.003730,1.1576,128,pcg_jacobi,1303,9.708390e-01,9.881e-11,9.024e-10
fortran_omp,32,1024,rough0.02,0.020000,0.003730,1.1576,128,pcg_jacobi,1303,2.056717e+00,9.881e-11,9.024e-10
fortran_serial,1,1024,rough0.02,0.020000,0.003730,1.1576,128,pcg_jacobi,1303,3.388415e+00,9.881e-11,9.024e-10
openacc,0,1024,rough0.02,0.020000,0.003730,1.1576,128,pcg_jacobi,1303,5.473010e-01,9.881e-11,9.024e-10
cuda,0,1024,rough0.02,0.020000,0.003730,1.1576,128,pcg_jacobi,1303,1.608936e-01,9.881e-11,9.024e-10
fortran_omp,1,1024,rough0.02,0.020000,0.003730,1.1576,128,pcg_rbgs,652,1.257074e+01,9.672e-11,8.847e-10
fortran_omp,16,1024,rough0.02,0.020000,0.003730,1.1576,128,pcg_rbgs,652,1.233844e+00,9.672e-11,8.847e-10
fortran_omp,32,1024,rough0.02,0.020000,0.003730,1.1576,128,pcg_rbgs,652,1.538758e+00,9.672e-11,8.847e-10
fortran_serial,1,1024,rough0.02,0.020000,0.003730,1.1576,128,pcg_rbgs,652,6.884136e+00,9.672e-11,8.847e-10
openacc,0,1024,rough0.02,0.020000,0.003730,1.1576,128,pcg_rbgs,652,1.786778e-01,9.672e-11,8.847e-10
cuda,0,1024,rough0.02,0.020000,0.003730,1.1576,128,pcg_rbgs,652,1.749086e-01,9.672e-11,8.847e-10
fortran_omp,1,1024,rough0.02,0.020000,0.003730,1.1576,128,multigrid,11,4.390199e-01,1.315e-11,2.913e-11
fortran_omp,16,1024,rough0.02,0.020000,0.003730,1.1576,128,multigrid,11,5.126710e-02,1.315e-11,2.913e-11
fortran_omp,32,1024,rough0.02,0.020000,0.003730,1.1576,128,multigrid,11,6.969000e-02,1.315e-11,2.913e-11
fortran_serial,1,1024,rough0.02,0.020000,0.003730,1.1576,128,multigrid,11,3.871910e-01,1.315e-11,2.913e-11
openacc,0,1024,rough0.02,0.020000,0.003730,1.1576,128,multigrid,11,4.523090e-02,1.315e-11,2.913e-11
cuda,0,1024,rough0.02,0.020000,0.003730,1.1576,128,multigrid,11,8.645026e-03,1.315e-11,2.913e-11
fortran_omp,1,1024,rough0.10,0.100000,0.023585,2.1444,2,pcg_jacobi,23,2.064781e-01,6.919e-11,8.503e-11
fortran_omp,16,1024,rough0.10,0.100000,0.023585,2.1444,2,pcg_jacobi,23,1.894190e-02,6.919e-11,8.503e-11
fortran_omp,32,1024,rough0.10,0.100000,0.023585,2.1444,2,pcg_jacobi,23,4.067400e-02,6.919e-11,8.503e-11
fortran_serial,1,1024,rough0.10,0.100000,0.023585,2.1444,2,pcg_jacobi,23,5.875400e-02,6.919e-11,8.503e-11
openacc,0,1024,rough0.10,0.100000,0.023585,2.1444,2,pcg_jacobi,23,3.024100e-03,6.919e-11,8.503e-11
cuda,0,1024,rough0.10,0.100000,0.023585,2.1444,2,pcg_jacobi,23,2.845574e-03,6.919e-11,8.503e-11
fortran_omp,1,1024,rough0.10,0.100000,0.023585,2.1444,2,pcg_rbgs,12,2.287000e-01,2.064e-11,2.534e-11
fortran_omp,16,1024,rough0.10,0.100000,0.023585,2.1444,2,pcg_rbgs,12,1.946800e-02,2.064e-11,2.534e-11
fortran_omp,32,1024,rough0.10,0.100000,0.023585,2.1444,2,pcg_rbgs,12,2.726100e-02,2.064e-11,2.534e-11
fortran_serial,1,1024,rough0.10,0.100000,0.023585,2.1444,2,pcg_rbgs,12,1.265108e-01,2.064e-11,2.534e-11
openacc,0,1024,rough0.10,0.100000,0.023585,2.1444,2,pcg_rbgs,12,3.360000e-03,2.064e-11,2.534e-11
cuda,0,1024,rough0.10,0.100000,0.023585,2.1444,2,pcg_rbgs,12,3.220211e-03,2.064e-11,2.534e-11
fortran_omp,1,1024,rough0.10,0.100000,0.023585,2.1444,2,multigrid,5,2.212291e-01,1.918e-11,2.677e-11
fortran_omp,16,1024,rough0.10,0.100000,0.023585,2.1444,2,multigrid,5,2.207210e-02,1.918e-11,2.677e-11
fortran_omp,32,1024,rough0.10,0.100000,0.023585,2.1444,2,multigrid,5,4.584100e-02,1.918e-11,2.677e-11
fortran_serial,1,1024,rough0.10,0.100000,0.023585,2.1444,2,multigrid,5,1.752328e-01,1.918e-11,2.677e-11
openacc,0,1024,rough0.10,0.100000,0.023585,2.1444,2,multigrid,5,2.197810e-02,1.918e-11,2.677e-11
cuda,0,1024,rough0.10,0.100000,0.023585,2.1444,2,multigrid,5,3.948192e-03,1.918e-11,2.677e-11
fortran_omp,1,1024,rough0.10,0.100000,0.023585,2.1444,8,pcg_jacobi,85,7.470360e-01,9.883e-11,2.464e-10
fortran_omp,16,1024,rough0.10,0.100000,0.023585,2.1444,8,pcg_jacobi,85,6.268810e-02,9.883e-11,2.464e-10
fortran_omp,32,1024,rough0.10,0.100000,0.023585,2.1444,8,pcg_jacobi,85,4.828810e-02,9.883e-11,2.464e-10
fortran_serial,1,1024,rough0.10,0.100000,0.023585,2.1444,8,pcg_jacobi,85,2.295170e-01,9.883e-11,2.464e-10
openacc,0,1024,rough0.10,0.100000,0.023585,2.1444,8,pcg_jacobi,85,1.237800e-02,9.883e-11,2.464e-10
cuda,0,1024,rough0.10,0.100000,0.023585,2.1444,8,pcg_jacobi,85,1.040065e-02,9.883e-11,2.464e-10
fortran_omp,1,1024,rough0.10,0.100000,0.023585,2.1444,8,pcg_rbgs,43,8.265371e-01,7.081e-11,1.771e-10
fortran_omp,16,1024,rough0.10,0.100000,0.023585,2.1444,8,pcg_rbgs,43,5.853000e-02,7.081e-11,1.771e-10
fortran_omp,32,1024,rough0.10,0.100000,0.023585,2.1444,8,pcg_rbgs,43,1.652720e-01,7.081e-11,1.771e-10
fortran_serial,1,1024,rough0.10,0.100000,0.023585,2.1444,8,pcg_rbgs,43,4.565461e-01,7.081e-11,1.771e-10
openacc,0,1024,rough0.10,0.100000,0.023585,2.1444,8,pcg_rbgs,43,1.180310e-02,7.081e-11,1.771e-10
cuda,0,1024,rough0.10,0.100000,0.023585,2.1444,8,pcg_rbgs,43,1.158318e-02,7.081e-11,1.771e-10
fortran_omp,1,1024,rough0.10,0.100000,0.023585,2.1444,8,multigrid,9,3.710661e-01,4.743e-11,9.336e-11
fortran_omp,16,1024,rough0.10,0.100000,0.023585,2.1444,8,multigrid,9,3.530910e-02,4.743e-11,9.336e-11
fortran_omp,32,1024,rough0.10,0.100000,0.023585,2.1444,8,multigrid,9,3.131410e-02,4.743e-11,9.336e-11
fortran_serial,1,1024,rough0.10,0.100000,0.023585,2.1444,8,multigrid,9,3.036101e-01,4.743e-11,9.336e-11
openacc,0,1024,rough0.10,0.100000,0.023585,2.1444,8,multigrid,9,3.763300e-02,4.743e-11,9.336e-11
cuda,0,1024,rough0.10,0.100000,0.023585,2.1444,8,multigrid,9,7.049142e-03,4.743e-11,9.336e-11
fortran_omp,1,1024,rough0.10,0.100000,0.023585,2.1444,32,pcg_jacobi,324,2.853425e+00,9.705e-11,4.914e-10
fortran_omp,16,1024,rough0.10,0.100000,0.023585,2.1444,32,pcg_jacobi,324,2.267689e-01,9.705e-11,4.914e-10
fortran_omp,32,1024,rough0.10,0.100000,0.023585,2.1444,32,pcg_jacobi,324,3.192552e-01,9.705e-11,4.914e-10
fortran_serial,1,1024,rough0.10,0.100000,0.023585,2.1444,32,pcg_jacobi,324,8.363171e-01,9.705e-11,4.914e-10
openacc,0,1024,rough0.10,0.100000,0.023585,2.1444,32,pcg_jacobi,324,4.654880e-02,9.705e-11,4.914e-10
cuda,0,1024,rough0.10,0.100000,0.023585,2.1444,32,pcg_jacobi,324,3.943153e-02,9.705e-11,4.914e-10
fortran_omp,1,1024,rough0.10,0.100000,0.023585,2.1444,32,pcg_rbgs,162,3.069582e+00,9.525e-11,4.822e-10
fortran_omp,16,1024,rough0.10,0.100000,0.023585,2.1444,32,pcg_rbgs,162,2.776348e-01,9.525e-11,4.822e-10
fortran_omp,32,1024,rough0.10,0.100000,0.023585,2.1444,32,pcg_rbgs,162,3.184202e-01,9.525e-11,4.822e-10
fortran_serial,1,1024,rough0.10,0.100000,0.023585,2.1444,32,pcg_rbgs,162,1.684996e+00,9.525e-11,4.822e-10
openacc,0,1024,rough0.10,0.100000,0.023585,2.1444,32,pcg_rbgs,162,4.395890e-02,9.525e-11,4.822e-10
cuda,0,1024,rough0.10,0.100000,0.023585,2.1444,32,pcg_rbgs,162,4.313367e-02,9.525e-11,4.822e-10
fortran_omp,1,1024,rough0.10,0.100000,0.023585,2.1444,32,multigrid,10,4.450569e-01,6.468e-11,1.543e-10
fortran_omp,16,1024,rough0.10,0.100000,0.023585,2.1444,32,multigrid,10,3.931590e-02,6.468e-11,1.543e-10
fortran_omp,32,1024,rough0.10,0.100000,0.023585,2.1444,32,multigrid,10,3.108010e-02,6.468e-11,1.543e-10
fortran_serial,1,1024,rough0.10,0.100000,0.023585,2.1444,32,multigrid,10,3.605092e-01,6.468e-11,1.543e-10
openacc,0,1024,rough0.10,0.100000,0.023585,2.1444,32,multigrid,10,4.121900e-02,6.468e-11,1.543e-10
cuda,0,1024,rough0.10,0.100000,0.023585,2.1444,32,multigrid,10,7.799777e-03,6.468e-11,1.543e-10
fortran_omp,1,1024,rough0.10,0.100000,0.023585,2.1444,128,pcg_jacobi,1196,1.047450e+01,9.926e-11,9.206e-10
fortran_omp,16,1024,rough0.10,0.100000,0.023585,2.1444,128,pcg_jacobi,1196,8.519468e-01,9.926e-11,9.206e-10
fortran_omp,32,1024,rough0.10,0.100000,0.023585,2.1444,128,pcg_jacobi,1196,9.921241e-01,9.926e-11,9.206e-10
fortran_serial,1,1024,rough0.10,0.100000,0.023585,2.1444,128,pcg_jacobi,1196,3.044369e+00,9.926e-11,9.206e-10
openacc,0,1024,rough0.10,0.100000,0.023585,2.1444,128,pcg_jacobi,1196,1.714401e-01,9.926e-11,9.206e-10
cuda,0,1024,rough0.10,0.100000,0.023585,2.1444,128,pcg_jacobi,1196,1.472598e-01,9.926e-11,9.206e-10
fortran_omp,1,1024,rough0.10,0.100000,0.023585,2.1444,128,pcg_rbgs,598,1.141975e+01,9.877e-11,9.161e-10
fortran_omp,16,1024,rough0.10,0.100000,0.023585,2.1444,128,pcg_rbgs,598,1.140731e+00,9.877e-11,9.161e-10
fortran_omp,32,1024,rough0.10,0.100000,0.023585,2.1444,128,pcg_rbgs,598,1.182907e+00,9.877e-11,9.161e-10
fortran_serial,1,1024,rough0.10,0.100000,0.023585,2.1444,128,pcg_rbgs,598,6.282845e+00,9.877e-11,9.161e-10
openacc,0,1024,rough0.10,0.100000,0.023585,2.1444,128,pcg_rbgs,598,1.633269e-01,9.877e-11,9.161e-10
cuda,0,1024,rough0.10,0.100000,0.023585,2.1444,128,pcg_rbgs,598,1.591140e-01,9.877e-11,9.161e-10
fortran_omp,1,1024,rough0.10,0.100000,0.023585,2.1444,128,multigrid,11,4.414981e-01,1.303e-11,2.951e-11
fortran_omp,16,1024,rough0.10,0.100000,0.023585,2.1444,128,multigrid,11,3.844780e-02,1.303e-11,2.951e-11
fortran_omp,32,1024,rough0.10,0.100000,0.023585,2.1444,128,multigrid,11,6.266210e-02,1.303e-11,2.951e-11
fortran_serial,1,1024,rough0.10,0.100000,0.023585,2.1444,128,multigrid,11,3.728208e-01,1.303e-11,2.951e-11
openacc,0,1024,rough0.10,0.100000,0.023585,2.1444,128,multigrid,11,4.540800e-02,1.303e-11,2.951e-11
cuda,0,1024,rough0.10,0.100000,0.023585,2.1444,128,multigrid,11,8.608430e-03,1.303e-11,2.951e-11
fortran_omp,1,1024,rough0.40,0.392835,0.364661,24.8111,2,pcg_jacobi,22,1.945870e-01,6.684e-11,7.157e-11
fortran_omp,16,1024,rough0.40,0.392835,0.364661,24.8111,2,pcg_jacobi,22,1.657200e-02,6.684e-11,7.157e-11
fortran_omp,32,1024,rough0.40,0.392835,0.364661,24.8111,2,pcg_jacobi,22,1.655600e-02,6.684e-11,7.157e-11
fortran_serial,1,1024,rough0.40,0.392835,0.364661,24.8111,2,pcg_jacobi,22,5.635310e-02,6.684e-11,7.157e-11
openacc,0,1024,rough0.40,0.392835,0.364661,24.8111,2,pcg_jacobi,22,3.237000e-03,6.684e-11,7.157e-11
cuda,0,1024,rough0.40,0.392835,0.364661,24.8111,2,pcg_jacobi,22,2.707245e-03,6.684e-11,7.157e-11
fortran_omp,1,1024,rough0.40,0.392835,0.364661,24.8111,2,pcg_rbgs,11,2.102180e-01,5.287e-11,5.674e-11
fortran_omp,16,1024,rough0.40,0.392835,0.364661,24.8111,2,pcg_rbgs,11,1.956300e-02,5.287e-11,5.674e-11
fortran_omp,32,1024,rough0.40,0.392835,0.364661,24.8111,2,pcg_rbgs,11,2.092910e-02,5.287e-11,5.674e-11
fortran_serial,1,1024,rough0.40,0.392835,0.364661,24.8111,2,pcg_rbgs,11,1.137619e-01,5.287e-11,5.674e-11
openacc,0,1024,rough0.40,0.392835,0.364661,24.8111,2,pcg_rbgs,11,3.099000e-03,5.287e-11,5.674e-11
cuda,0,1024,rough0.40,0.392835,0.364661,24.8111,2,pcg_rbgs,11,2.983382e-03,5.287e-11,5.674e-11
fortran_omp,1,1024,rough0.40,0.392835,0.364661,24.8111,2,multigrid,5,2.105210e-01,3.985e-12,4.253e-12
fortran_omp,16,1024,rough0.40,0.392835,0.364661,24.8111,2,multigrid,5,1.846500e-02,3.985e-12,4.253e-12
fortran_omp,32,1024,rough0.40,0.392835,0.364661,24.8111,2,multigrid,5,1.555990e-02,3.985e-12,4.253e-12
fortran_serial,1,1024,rough0.40,0.392835,0.364661,24.8111,2,multigrid,5,1.851189e-01,3.985e-12,4.253e-12
openacc,0,1024,rough0.40,0.392835,0.364661,24.8111,2,multigrid,5,2.205900e-02,3.985e-12,4.253e-12
cuda,0,1024,rough0.40,0.392835,0.364661,24.8111,2,multigrid,5,3.933119e-03,3.985e-12,4.253e-12
fortran_omp,1,1024,rough0.40,0.392835,0.364661,24.8111,8,pcg_jacobi,81,7.110939e-01,8.392e-11,1.856e-10
fortran_omp,16,1024,rough0.40,0.392835,0.364661,24.8111,8,pcg_jacobi,81,6.060690e-02,8.392e-11,1.856e-10
fortran_omp,32,1024,rough0.40,0.392835,0.364661,24.8111,8,pcg_jacobi,81,5.626300e-02,8.392e-11,1.856e-10
fortran_serial,1,1024,rough0.40,0.392835,0.364661,24.8111,8,pcg_jacobi,81,2.060411e-01,8.392e-11,1.856e-10
openacc,0,1024,rough0.40,0.392835,0.364661,24.8111,8,pcg_jacobi,81,1.168990e-02,8.392e-11,1.856e-10
cuda,0,1024,rough0.40,0.392835,0.364661,24.8111,8,pcg_jacobi,81,9.992845e-03,8.392e-11,1.856e-10
fortran_omp,1,1024,rough0.40,0.392835,0.364661,24.8111,8,pcg_rbgs,41,7.828610e-01,6.057e-11,1.332e-10
fortran_omp,16,1024,rough0.40,0.392835,0.364661,24.8111,8,pcg_rbgs,41,6.659700e-02,6.057e-11,1.332e-10
fortran_omp,32,1024,rough0.40,0.392835,0.364661,24.8111,8,pcg_rbgs,41,8.621000e-02,6.057e-11,1.332e-10
fortran_serial,1,1024,rough0.40,0.392835,0.364661,24.8111,8,pcg_rbgs,41,4.279001e-01,6.057e-11,1.332e-10
openacc,0,1024,rough0.40,0.392835,0.364661,24.8111,8,pcg_rbgs,41,1.130700e-02,6.057e-11,1.332e-10
cuda,0,1024,rough0.40,0.392835,0.364661,24.8111,8,pcg_rbgs,41,1.092676e-02,6.057e-11,1.332e-10
fortran_omp,1,1024,rough0.40,0.392835,0.364661,24.8111,8,multigrid,9,3.579131e-01,1.902e-11,2.624e-11
fortran_omp,16,1024,rough0.40,0.392835,0.364661,24.8111,8,multigrid,9,2.883700e-02,1.902e-11,2.624e-11
fortran_omp,32,1024,rough0.40,0.392835,0.364661,24.8111,8,multigrid,9,5.646610e-02,1.902e-11,2.624e-11
fortran_serial,1,1024,rough0.40,0.392835,0.364661,24.8111,8,multigrid,9,3.346369e-01,1.902e-11,2.624e-11
openacc,0,1024,rough0.40,0.392835,0.364661,24.8111,8,multigrid,9,3.763010e-02,1.902e-11,2.624e-11
cuda,0,1024,rough0.40,0.392835,0.364661,24.8111,8,multigrid,9,7.075772e-03,1.902e-11,2.624e-11
fortran_omp,1,1024,rough0.40,0.392835,0.364661,24.8111,32,pcg_jacobi,297,2.605608e+00,9.771e-11,4.208e-10
fortran_omp,16,1024,rough0.40,0.392835,0.364661,24.8111,32,pcg_jacobi,297,2.000461e-01,9.771e-11,4.208e-10
fortran_omp,32,1024,rough0.40,0.392835,0.364661,24.8111,32,pcg_jacobi,297,1.834299e-01,9.771e-11,4.208e-10
fortran_serial,1,1024,rough0.40,0.392835,0.364661,24.8111,32,pcg_jacobi,297,7.749998e-01,9.771e-11,4.208e-10
openacc,0,1024,rough0.40,0.392835,0.364661,24.8111,32,pcg_jacobi,297,4.248910e-02,9.771e-11,4.208e-10
cuda,0,1024,rough0.40,0.392835,0.364661,24.8111,32,pcg_jacobi,297,3.665256e-02,9.771e-11,4.208e-10
fortran_omp,1,1024,rough0.40,0.392835,0.364661,24.8111,32,pcg_rbgs,149,2.841249e+00,8.836e-11,3.818e-10
fortran_omp,16,1024,rough0.40,0.392835,0.364661,24.8111,32,pcg_rbgs,149,2.635031e-01,8.836e-11,3.818e-10
fortran_omp,32,1024,rough0.40,0.392835,0.364661,24.8111,32,pcg_rbgs,149,3.259790e-01,8.836e-11,3.818e-10
fortran_serial,1,1024,rough0.40,0.392835,0.364661,24.8111,32,pcg_rbgs,149,1.598661e+00,8.836e-11,3.818e-10
openacc,0,1024,rough0.40,0.392835,0.364661,24.8111,32,pcg_rbgs,149,4.060100e-02,8.836e-11,3.818e-10
cuda,0,1024,rough0.40,0.392835,0.364661,24.8111,32,pcg_rbgs,149,3.941243e-02,8.836e-11,3.818e-10
fortran_omp,1,1024,rough0.40,0.392835,0.364661,24.8111,32,multigrid,10,4.395890e-01,4.952e-11,9.593e-11
fortran_omp,16,1024,rough0.40,0.392835,0.364661,24.8111,32,multigrid,10,3.883700e-02,4.952e-11,9.593e-11
fortran_omp,32,1024,rough0.40,0.392835,0.364661,24.8111,32,multigrid,10,2.994420e-02,4.952e-11,9.593e-11
fortran_serial,1,1024,rough0.40,0.392835,0.364661,24.8111,32,multigrid,10,3.282881e-01,4.952e-11,9.593e-11
openacc,0,1024,rough0.40,0.392835,0.364661,24.8111,32,multigrid,10,4.136990e-02,4.952e-11,9.593e-11
cuda,0,1024,rough0.40,0.392835,0.364661,24.8111,32,multigrid,10,7.848952e-03,4.952e-11,9.593e-11
fortran_omp,1,1024,rough0.40,0.392835,0.364661,24.8111,128,pcg_jacobi,1037,9.090721e+00,9.981e-11,7.139e-10
fortran_omp,16,1024,rough0.40,0.392835,0.364661,24.8111,128,pcg_jacobi,1037,7.587090e-01,9.981e-11,7.139e-10
fortran_omp,32,1024,rough0.40,0.392835,0.364661,24.8111,128,pcg_jacobi,1037,8.818889e-01,9.981e-11,7.139e-10
fortran_serial,1,1024,rough0.40,0.392835,0.364661,24.8111,128,pcg_jacobi,1037,2.638387e+00,9.981e-11,7.139e-10
openacc,0,1024,rough0.40,0.392835,0.364661,24.8111,128,pcg_jacobi,1037,1.484242e-01,9.981e-11,7.139e-10
cuda,0,1024,rough0.40,0.392835,0.364661,24.8111,128,pcg_jacobi,1037,1.277385e-01,9.981e-11,7.139e-10
fortran_omp,1,1024,rough0.40,0.392835,0.364661,24.8111,128,pcg_rbgs,519,9.885577e+00,9.706e-11,6.945e-10
fortran_omp,16,1024,rough0.40,0.392835,0.364661,24.8111,128,pcg_rbgs,519,9.250781e-01,9.706e-11,6.945e-10
fortran_omp,32,1024,rough0.40,0.392835,0.364661,24.8111,128,pcg_rbgs,519,1.091137e+00,9.706e-11,6.945e-10
fortran_serial,1,1024,rough0.40,0.392835,0.364661,24.8111,128,pcg_rbgs,519,5.415829e+00,9.706e-11,6.945e-10
openacc,0,1024,rough0.40,0.392835,0.364661,24.8111,128,pcg_rbgs,519,1.422100e-01,9.706e-11,6.945e-10
cuda,0,1024,rough0.40,0.392835,0.364661,24.8111,128,pcg_rbgs,519,1.379549e-01,9.706e-11,6.945e-10
fortran_omp,1,1024,rough0.40,0.392835,0.364661,24.8111,128,multigrid,11,4.950130e-01,1.340e-11,3.567e-11
fortran_omp,16,1024,rough0.40,0.392835,0.364661,24.8111,128,multigrid,11,3.541680e-02,1.340e-11,3.567e-11
fortran_omp,32,1024,rough0.40,0.392835,0.364661,24.8111,128,multigrid,11,5.590110e-02,1.340e-11,3.567e-11
fortran_serial,1,1024,rough0.40,0.392835,0.364661,24.8111,128,multigrid,11,4.059821e-01,1.340e-11,3.567e-11
openacc,0,1024,rough0.40,0.392835,0.364661,24.8111,128,multigrid,11,4.483700e-02,1.340e-11,3.567e-11
cuda,0,1024,rough0.40,0.392835,0.364661,24.8111,128,multigrid,11,8.618065e-03,1.340e-11,3.567e-11
fortran_omp,1,1024,seamount,0.112374,0.013576,9.9957,2,pcg_jacobi,24,2.122619e-01,9.381e-11,1.154e-10
fortran_omp,16,1024,seamount,0.112374,0.013576,9.9957,2,pcg_jacobi,24,1.767610e-02,9.381e-11,1.154e-10
fortran_omp,32,1024,seamount,0.112374,0.013576,9.9957,2,pcg_jacobi,24,1.213290e-02,9.381e-11,1.154e-10
fortran_serial,1,1024,seamount,0.112374,0.013576,9.9957,2,pcg_jacobi,24,6.144690e-02,9.381e-11,1.154e-10
openacc,0,1024,seamount,0.112374,0.013576,9.9957,2,pcg_jacobi,24,3.527800e-03,9.381e-11,1.154e-10
cuda,0,1024,seamount,0.112374,0.013576,9.9957,2,pcg_jacobi,24,2.962280e-03,9.381e-11,1.154e-10
fortran_omp,1,1024,seamount,0.112374,0.013576,9.9957,2,pcg_rbgs,12,2.284191e-01,7.565e-11,9.310e-11
fortran_omp,16,1024,seamount,0.112374,0.013576,9.9957,2,pcg_rbgs,12,1.698390e-02,7.565e-11,9.310e-11
fortran_omp,32,1024,seamount,0.112374,0.013576,9.9957,2,pcg_rbgs,12,2.298590e-02,7.565e-11,9.310e-11
fortran_serial,1,1024,seamount,0.112374,0.013576,9.9957,2,pcg_rbgs,12,1.241648e-01,7.565e-11,9.310e-11
openacc,0,1024,seamount,0.112374,0.013576,9.9957,2,pcg_rbgs,12,3.356200e-03,7.565e-11,9.310e-11
cuda,0,1024,seamount,0.112374,0.013576,9.9957,2,pcg_rbgs,12,3.249866e-03,7.565e-11,9.310e-11
fortran_omp,1,1024,seamount,0.112374,0.013576,9.9957,2,multigrid,6,2.480820e-01,2.512e-12,3.827e-12
fortran_omp,16,1024,seamount,0.112374,0.013576,9.9957,2,multigrid,6,2.869010e-02,2.512e-12,3.827e-12
fortran_omp,32,1024,seamount,0.112374,0.013576,9.9957,2,multigrid,6,3.048210e-02,2.512e-12,3.827e-12
fortran_serial,1,1024,seamount,0.112374,0.013576,9.9957,2,multigrid,6,2.240369e-01,2.512e-12,3.827e-12
openacc,0,1024,seamount,0.112374,0.013576,9.9957,2,multigrid,6,2.657700e-02,2.512e-12,3.827e-12
cuda,0,1024,seamount,0.112374,0.013576,9.9957,2,multigrid,6,4.729574e-03,2.512e-12,3.827e-12
fortran_omp,1,1024,seamount,0.112374,0.013576,9.9957,8,pcg_jacobi,91,7.984211e-01,8.877e-11,2.163e-10
fortran_omp,16,1024,seamount,0.112374,0.013576,9.9957,8,pcg_jacobi,91,5.795100e-02,8.877e-11,2.163e-10
fortran_omp,32,1024,seamount,0.112374,0.013576,9.9957,8,pcg_jacobi,91,7.608700e-02,8.877e-11,2.163e-10
fortran_serial,1,1024,seamount,0.112374,0.013576,9.9957,8,pcg_jacobi,91,2.368360e-01,8.877e-11,2.163e-10
openacc,0,1024,seamount,0.112374,0.013576,9.9957,8,pcg_jacobi,91,1.312780e-02,8.877e-11,2.163e-10
cuda,0,1024,seamount,0.112374,0.013576,9.9957,8,pcg_jacobi,91,1.105693e-02,8.877e-11,2.163e-10
fortran_omp,1,1024,seamount,0.112374,0.013576,9.9957,8,pcg_rbgs,46,8.678450e-01,6.452e-11,1.571e-10
fortran_omp,16,1024,seamount,0.112374,0.013576,9.9957,8,pcg_rbgs,46,7.591990e-02,6.452e-11,1.571e-10
fortran_omp,32,1024,seamount,0.112374,0.013576,9.9957,8,pcg_rbgs,46,5.557700e-02,6.452e-11,1.571e-10
fortran_serial,1,1024,seamount,0.112374,0.013576,9.9957,8,pcg_rbgs,46,4.792947e-01,6.452e-11,1.571e-10
openacc,0,1024,seamount,0.112374,0.013576,9.9957,8,pcg_rbgs,46,1.270490e-02,6.452e-11,1.571e-10
cuda,0,1024,seamount,0.112374,0.013576,9.9957,8,pcg_rbgs,46,1.226167e-02,6.452e-11,1.571e-10
fortran_omp,1,1024,seamount,0.112374,0.013576,9.9957,8,multigrid,9,4.039490e-01,7.659e-11,1.555e-10
fortran_omp,16,1024,seamount,0.112374,0.013576,9.9957,8,multigrid,9,2.834010e-02,7.659e-11,1.555e-10
fortran_omp,32,1024,seamount,0.112374,0.013576,9.9957,8,multigrid,9,4.769400e-02,7.659e-11,1.555e-10
fortran_serial,1,1024,seamount,0.112374,0.013576,9.9957,8,multigrid,9,3.269920e-01,7.659e-11,1.555e-10
openacc,0,1024,seamount,0.112374,0.013576,9.9957,8,multigrid,9,3.709010e-02,7.659e-11,1.555e-10
cuda,0,1024,seamount,0.112374,0.013576,9.9957,8,multigrid,9,7.064475e-03,7.659e-11,1.555e-10
fortran_omp,1,1024,seamount,0.112374,0.013576,9.9957,32,pcg_jacobi,351,3.077681e+00,9.982e-11,4.797e-10
fortran_omp,16,1024,seamount,0.112374,0.013576,9.9957,32,pcg_jacobi,351,2.440450e-01,9.982e-11,4.797e-10
fortran_omp,32,1024,seamount,0.112374,0.013576,9.9957,32,pcg_jacobi,351,2.940450e-01,9.982e-11,4.797e-10
fortran_serial,1,1024,seamount,0.112374,0.013576,9.9957,32,pcg_jacobi,351,9.201760e-01,9.982e-11,4.797e-10
openacc,0,1024,seamount,0.112374,0.013576,9.9957,32,pcg_jacobi,351,5.017090e-02,9.982e-11,4.797e-10
cuda,0,1024,seamount,0.112374,0.013576,9.9957,32,pcg_jacobi,351,4.312994e-02,9.982e-11,4.797e-10
fortran_omp,1,1024,seamount,0.112374,0.013576,9.9957,32,pcg_rbgs,176,3.338796e+00,9.189e-11,4.433e-10
fortran_omp,16,1024,seamount,0.112374,0.013576,9.9957,32,pcg_rbgs,176,3.089440e-01,9.189e-11,4.433e-10
fortran_omp,32,1024,seamount,0.112374,0.013576,9.9957,32,pcg_rbgs,176,3.297329e-01,9.189e-11,4.433e-10
fortran_serial,1,1024,seamount,0.112374,0.013576,9.9957,32,pcg_rbgs,176,1.826605e+00,9.189e-11,4.433e-10
openacc,0,1024,seamount,0.112374,0.013576,9.9957,32,pcg_rbgs,176,4.796010e-02,9.189e-11,4.433e-10
cuda,0,1024,seamount,0.112374,0.013576,9.9957,32,pcg_rbgs,176,4.687716e-02,9.189e-11,4.433e-10
fortran_omp,1,1024,seamount,0.112374,0.013576,9.9957,32,multigrid,10,4.491940e-01,7.086e-11,1.665e-10
fortran_omp,16,1024,seamount,0.112374,0.013576,9.9957,32,multigrid,10,4.619500e-02,7.086e-11,1.665e-10
fortran_omp,32,1024,seamount,0.112374,0.013576,9.9957,32,multigrid,10,3.009200e-02,7.086e-11,1.665e-10
fortran_serial,1,1024,seamount,0.112374,0.013576,9.9957,32,multigrid,10,3.645289e-01,7.086e-11,1.665e-10
openacc,0,1024,seamount,0.112374,0.013576,9.9957,32,multigrid,10,4.052180e-02,7.086e-11,1.665e-10
cuda,0,1024,seamount,0.112374,0.013576,9.9957,32,multigrid,10,7.866388e-03,7.086e-11,1.665e-10
fortran_omp,1,1024,seamount,0.112374,0.013576,9.9957,128,pcg_jacobi,1344,1.176361e+01,9.835e-11,8.180e-10
fortran_omp,16,1024,seamount,0.112374,0.013576,9.9957,128,pcg_jacobi,1344,9.994519e-01,9.835e-11,8.180e-10
fortran_omp,32,1024,seamount,0.112374,0.013576,9.9957,128,pcg_jacobi,1344,1.106970e+00,9.835e-11,8.180e-10
fortran_serial,1,1024,seamount,0.112374,0.013576,9.9957,128,pcg_jacobi,1344,3.499879e+00,9.835e-11,8.180e-10
openacc,0,1024,seamount,0.112374,0.013576,9.9957,128,pcg_jacobi,1344,1.917779e-01,9.835e-11,8.180e-10
cuda,0,1024,seamount,0.112374,0.013576,9.9957,128,pcg_jacobi,1344,1.653763e-01,9.835e-11,8.180e-10
fortran_omp,1,1024,seamount,0.112374,0.013576,9.9957,128,pcg_rbgs,672,1.272398e+01,9.787e-11,8.139e-10
fortran_omp,16,1024,seamount,0.112374,0.013576,9.9957,128,pcg_rbgs,672,1.234418e+00,9.787e-11,8.139e-10
fortran_omp,32,1024,seamount,0.112374,0.013576,9.9957,128,pcg_rbgs,672,1.380994e+00,9.787e-11,8.139e-10
fortran_serial,1,1024,seamount,0.112374,0.013576,9.9957,128,pcg_rbgs,672,7.170145e+00,9.787e-11,8.139e-10
openacc,0,1024,seamount,0.112374,0.013576,9.9957,128,pcg_rbgs,672,1.835549e-01,9.787e-11,8.139e-10
cuda,0,1024,seamount,0.112374,0.013576,9.9957,128,pcg_rbgs,672,1.796204e-01,9.787e-11,8.139e-10
fortran_omp,1,1024,seamount,0.112374,0.013576,9.9957,128,multigrid,11,4.368740e-01,1.315e-11,2.877e-11
fortran_omp,16,1024,seamount,0.112374,0.013576,9.9957,128,multigrid,11,5.302970e-02,1.315e-11,2.877e-11
fortran_omp,32,1024,seamount,0.112374,0.013576,9.9957,128,multigrid,11,3.269410e-02,1.315e-11,2.877e-11
fortran_serial,1,1024,seamount,0.112374,0.013576,9.9957,128,multigrid,11,3.741551e-01,1.315e-11,2.877e-11
openacc,0,1024,seamount,0.112374,0.013576,9.9957,128,multigrid,11,4.439000e-02,1.315e-11,2.877e-11
cuda,0,1024,seamount,0.112374,0.013576,9.9957,128,multigrid,11,8.629452e-03,1.315e-11,2.877e-11
