backend,threads,nx,topo,r_std,rx0,h_ratio,cfl,solver,iterations,wall_s,wall_mad_s,wall_min_s,n_repeat,residual,l2_vs_ref
fortran_omp,1,128,rough0.10,0.100000,0.054414,1.9665,2,pcg_jacobi,23,3.159900e-03,2.300000e-06,3.148100e-03,5,7.604e-11,9.178e-11
fortran_omp,16,128,rough0.10,0.100000,0.054414,1.9665,2,pcg_jacobi,23,6.540000e-04,1.100000e-05,6.402000e-04,5,7.604e-11,9.178e-11
fortran_omp,32,128,rough0.10,0.100000,0.054414,1.9665,2,pcg_jacobi,23,1.120100e-03,1.287000e-04,8.471000e-04,5,7.604e-11,9.178e-11
fortran_serial,1,128,rough0.10,0.100000,0.054414,1.9665,2,pcg_jacobi,23,6.199000e-04,1.900000e-05,5.980000e-04,5,7.604e-11,9.178e-11
openacc,0,128,rough0.10,0.100000,0.054414,1.9665,2,pcg_jacobi,23,2.136000e-03,8.000000e-06,2.127200e-03,5,7.604e-11,9.178e-11
cuda,0,128,rough0.10,0.100000,0.054414,1.9665,2,pcg_jacobi,23,1.042117e-03,1.490300e-05,1.022878e-03,5,7.604e-11,9.178e-11
fortran_omp,1,128,rough0.10,0.100000,0.054414,1.9665,2,pcg_rbgs,12,3.544100e-03,2.200000e-06,3.541900e-03,5,2.210e-11,2.683e-11
fortran_omp,16,128,rough0.10,0.100000,0.054414,1.9665,2,pcg_rbgs,12,6.029000e-04,2.200000e-06,5.660000e-04,5,2.210e-11,2.683e-11
fortran_omp,32,128,rough0.10,0.100000,0.054414,1.9665,2,pcg_rbgs,12,1.019000e-03,2.100000e-05,9.398000e-04,5,2.210e-11,2.683e-11
fortran_serial,1,128,rough0.10,0.100000,0.054414,1.9665,2,pcg_rbgs,12,1.771000e-03,3.900000e-06,1.767100e-03,5,2.210e-11,2.683e-11
openacc,0,128,rough0.10,0.100000,0.054414,1.9665,2,pcg_rbgs,12,2.139100e-03,1.120000e-05,2.127900e-03,5,2.210e-11,2.683e-11
cuda,0,128,rough0.10,0.100000,0.054414,1.9665,2,pcg_rbgs,12,7.688030e-04,1.773000e-06,7.596100e-04,5,2.210e-11,2.683e-11
fortran_omp,1,128,rough0.10,0.100000,0.054414,1.9665,2,multigrid,5,2.963100e-03,1.900000e-06,2.960900e-03,5,3.805e-11,5.462e-11
fortran_omp,16,128,rough0.10,0.100000,0.054414,1.9665,2,multigrid,5,7.010000e-04,1.480000e-05,6.649000e-04,5,3.805e-11,5.462e-11
fortran_omp,32,128,rough0.10,0.100000,0.054414,1.9665,2,multigrid,5,9.961000e-04,3.790000e-05,9.181000e-04,5,3.805e-11,5.462e-11
fortran_serial,1,128,rough0.10,0.100000,0.054414,1.9665,2,multigrid,5,2.290900e-03,1.090000e-05,2.280000e-03,5,3.805e-11,5.462e-11
openacc,0,128,rough0.10,0.100000,0.054414,1.9665,2,multigrid,5,6.335000e-03,2.010000e-05,6.296100e-03,5,3.805e-11,5.462e-11
cuda,0,128,rough0.10,0.100000,0.054414,1.9665,2,multigrid,5,1.129409e-03,1.411000e-06,1.127206e-03,5,3.805e-11,5.462e-11
fortran_omp,1,128,rough0.10,0.100000,0.054414,1.9665,8,pcg_jacobi,84,1.148010e-02,1.070000e-05,1.144120e-02,5,9.537e-11,2.081e-10
fortran_omp,16,128,rough0.10,0.100000,0.054414,1.9665,8,pcg_jacobi,84,2.325100e-03,3.010000e-05,2.292800e-03,5,9.537e-11,2.081e-10
fortran_omp,32,128,rough0.10,0.100000,0.054414,1.9665,8,pcg_jacobi,84,3.500000e-03,2.561000e-04,3.224100e-03,5,9.537e-11,2.081e-10
fortran_serial,1,128,rough0.10,0.100000,0.054414,1.9665,8,pcg_jacobi,84,2.206100e-03,6.510000e-05,2.096900e-03,5,9.537e-11,2.081e-10
openacc,0,128,rough0.10,0.100000,0.054414,1.9665,8,pcg_jacobi,84,7.682100e-03,5.220000e-05,7.623900e-03,5,9.537e-11,2.081e-10
cuda,0,128,rough0.10,0.100000,0.054414,1.9665,8,pcg_jacobi,84,3.560047e-03,1.069930e-04,3.393836e-03,5,9.537e-11,2.081e-10
fortran_omp,1,128,rough0.10,0.100000,0.054414,1.9665,8,pcg_rbgs,42,1.243180e-02,3.370000e-05,1.239700e-02,5,8.786e-11,1.923e-10
fortran_omp,16,128,rough0.10,0.100000,0.054414,1.9665,8,pcg_rbgs,42,2.007000e-03,7.200000e-06,1.963200e-03,5,8.786e-11,1.923e-10
fortran_omp,32,128,rough0.10,0.100000,0.054414,1.9665,8,pcg_rbgs,42,2.182900e-03,9.600000e-05,2.043000e-03,5,8.786e-11,1.923e-10
fortran_serial,1,128,rough0.10,0.100000,0.054414,1.9665,8,pcg_rbgs,42,6.134000e-03,3.300000e-05,6.045800e-03,5,8.786e-11,1.923e-10
openacc,0,128,rough0.10,0.100000,0.054414,1.9665,8,pcg_rbgs,42,7.346200e-03,4.300000e-06,7.341900e-03,5,8.786e-11,1.923e-10
cuda,0,128,rough0.10,0.100000,0.054414,1.9665,8,pcg_rbgs,42,2.536289e-03,8.001000e-06,2.517870e-03,5,8.786e-11,1.923e-10
fortran_omp,1,128,rough0.10,0.100000,0.054414,1.9665,8,multigrid,9,5.328000e-03,4.000000e-06,5.318900e-03,5,5.922e-11,1.181e-10
fortran_omp,16,128,rough0.10,0.100000,0.054414,1.9665,8,multigrid,9,1.316100e-03,2.090000e-05,1.243200e-03,5,5.922e-11,1.181e-10
fortran_omp,32,128,rough0.10,0.100000,0.054414,1.9665,8,multigrid,9,2.516000e-03,6.010000e-05,2.406100e-03,5,5.922e-11,1.181e-10
fortran_serial,1,128,rough0.10,0.100000,0.054414,1.9665,8,multigrid,9,4.191800e-03,5.630000e-05,4.135100e-03,5,5.922e-11,1.181e-10
openacc,0,128,rough0.10,0.100000,0.054414,1.9665,8,multigrid,9,1.114180e-02,4.290000e-05,1.103010e-02,5,5.922e-11,1.181e-10
cuda,0,128,rough0.10,0.100000,0.054414,1.9665,8,multigrid,9,2.019316e-03,1.100000e-07,2.018655e-03,5,5.922e-11,1.181e-10
fortran_omp,1,128,rough0.10,0.100000,0.054414,1.9665,32,pcg_jacobi,296,4.013890e-02,6.190000e-05,4.007700e-02,5,8.841e-11,3.140e-10
fortran_omp,16,128,rough0.10,0.100000,0.054414,1.9665,32,pcg_jacobi,296,9.090900e-03,3.821000e-04,8.280100e-03,5,8.841e-11,3.140e-10
fortran_omp,32,128,rough0.10,0.100000,0.054414,1.9665,32,pcg_jacobi,296,3.793000e-02,1.746610e-02,2.046390e-02,5,8.841e-11,3.140e-10
fortran_serial,1,128,rough0.10,0.100000,0.054414,1.9665,32,pcg_jacobi,296,7.588800e-03,4.110000e-05,7.365200e-03,5,8.841e-11,3.140e-10
openacc,0,128,rough0.10,0.100000,0.054414,1.9665,32,pcg_jacobi,296,2.694900e-02,1.100000e-04,2.666620e-02,5,8.841e-11,3.140e-10
cuda,0,128,rough0.10,0.100000,0.054414,1.9665,32,pcg_jacobi,296,1.293353e-02,5.480300e-05,1.286506e-02,5,8.841e-11,3.140e-10
fortran_omp,1,128,rough0.10,0.100000,0.054414,1.9665,32,pcg_rbgs,148,6.306410e-02,1.240900e-03,5.063600e-02,5,8.503e-11,3.082e-10
fortran_omp,16,128,rough0.10,0.100000,0.054414,1.9665,32,pcg_rbgs,148,7.696200e-03,1.484000e-04,7.547800e-03,5,8.503e-11,3.082e-10
fortran_omp,32,128,rough0.10,0.100000,0.054414,1.9665,32,pcg_rbgs,148,1.589990e-02,1.276000e-03,1.462390e-02,5,8.503e-11,3.082e-10
fortran_serial,1,128,rough0.10,0.100000,0.054414,1.9665,32,pcg_rbgs,148,2.151700e-02,6.000000e-05,2.133600e-02,5,8.503e-11,3.082e-10
openacc,0,128,rough0.10,0.100000,0.054414,1.9665,32,pcg_rbgs,148,2.566480e-02,1.790000e-05,2.562220e-02,5,8.503e-11,3.082e-10
cuda,0,128,rough0.10,0.100000,0.054414,1.9665,32,pcg_rbgs,148,8.804795e-03,7.202000e-06,8.797314e-03,5,8.503e-11,3.082e-10
fortran_omp,1,128,rough0.10,0.100000,0.054414,1.9665,32,multigrid,10,5.957200e-03,1.470000e-05,5.934000e-03,5,7.639e-11,1.450e-10
fortran_omp,16,128,rough0.10,0.100000,0.054414,1.9665,32,multigrid,10,1.376200e-03,8.800000e-06,1.357100e-03,5,7.639e-11,1.450e-10
fortran_omp,32,128,rough0.10,0.100000,0.054414,1.9665,32,multigrid,10,2.214900e-03,1.378000e-04,2.077100e-03,5,7.639e-11,1.450e-10
fortran_serial,1,128,rough0.10,0.100000,0.054414,1.9665,32,multigrid,10,4.851100e-03,6.390000e-05,4.580000e-03,5,7.639e-11,1.450e-10
openacc,0,128,rough0.10,0.100000,0.054414,1.9665,32,multigrid,10,1.210910e-02,1.100000e-04,1.185200e-02,5,7.639e-11,1.450e-10
cuda,0,128,rough0.10,0.100000,0.054414,1.9665,32,multigrid,10,2.241232e-03,2.955000e-06,2.237546e-03,5,7.639e-11,1.450e-10
fortran_omp,1,128,rough0.10,0.100000,0.054414,1.9665,128,pcg_jacobi,533,7.244690e-02,7.790000e-05,7.230710e-02,5,8.740e-11,1.999e-10
fortran_omp,16,128,rough0.10,0.100000,0.054414,1.9665,128,pcg_jacobi,533,1.575020e-02,4.630000e-05,1.551010e-02,5,8.740e-11,1.999e-10
fortran_omp,32,128,rough0.10,0.100000,0.054414,1.9665,128,pcg_jacobi,533,3.961710e-02,1.675220e-02,2.286490e-02,5,8.740e-11,1.999e-10
fortran_serial,1,128,rough0.10,0.100000,0.054414,1.9665,128,pcg_jacobi,533,1.306600e-02,1.032000e-04,1.296280e-02,5,8.740e-11,1.999e-10
openacc,0,128,rough0.10,0.100000,0.054414,1.9665,128,pcg_jacobi,533,4.820680e-02,3.151000e-04,4.763920e-02,5,8.740e-11,1.999e-10
cuda,0,128,rough0.10,0.100000,0.054414,1.9665,128,pcg_jacobi,533,2.420564e-02,6.836840e-04,2.316452e-02,5,8.740e-11,1.999e-10
fortran_omp,1,128,rough0.10,0.100000,0.054414,1.9665,128,pcg_rbgs,266,7.829310e-02,1.631000e-04,7.813000e-02,5,9.722e-11,2.071e-10
fortran_omp,16,128,rough0.10,0.100000,0.054414,1.9665,128,pcg_rbgs,266,1.322200e-02,8.820000e-05,1.292990e-02,5,9.722e-11,2.071e-10
fortran_omp,32,128,rough0.10,0.100000,0.054414,1.9665,128,pcg_rbgs,266,4.891200e-02,1.176100e-02,2.373600e-02,5,9.722e-11,2.071e-10
fortran_serial,1,128,rough0.10,0.100000,0.054414,1.9665,128,pcg_rbgs,266,3.866910e-02,4.510000e-05,3.862400e-02,5,9.722e-11,2.071e-10
openacc,0,128,rough0.10,0.100000,0.054414,1.9665,128,pcg_rbgs,266,4.616500e-02,1.140000e-04,4.549590e-02,5,9.722e-11,2.071e-10
cuda,0,128,rough0.10,0.100000,0.054414,1.9665,128,pcg_rbgs,266,1.597177e-02,4.106300e-05,1.591481e-02,5,9.722e-11,2.071e-10
fortran_omp,1,128,rough0.10,0.100000,0.054414,1.9665,128,multigrid,40,2.373690e-02,3.310000e-05,2.369300e-02,5,7.568e-11,1.570e-08
fortran_omp,16,128,rough0.10,0.100000,0.054414,1.9665,128,multigrid,40,5.249000e-03,6.790000e-05,5.172000e-03,5,7.568e-11,1.570e-08
fortran_omp,32,128,rough0.10,0.100000,0.054414,1.9665,128,multigrid,40,2.014700e-02,4.831900e-03,1.531510e-02,5,7.568e-11,1.570e-08
fortran_serial,1,128,rough0.10,0.100000,0.054414,1.9665,128,multigrid,40,1.928610e-02,3.390000e-05,1.859210e-02,5,7.568e-11,1.570e-08
openacc,0,128,rough0.10,0.100000,0.054414,1.9665,128,multigrid,40,4.853510e-02,3.867000e-04,4.811720e-02,5,7.568e-11,1.570e-08
cuda,0,128,rough0.10,0.100000,0.054414,1.9665,128,multigrid,40,8.906649e-03,1.442000e-06,8.886458e-03,5,7.568e-11,1.570e-08
fortran_omp,1,256,rough0.10,0.100000,0.039471,1.8776,2,pcg_jacobi,23,1.670690e-02,1.121000e-04,1.657700e-02,5,7.656e-11,9.313e-11
fortran_omp,16,256,rough0.10,0.100000,0.039471,1.8776,2,pcg_jacobi,23,1.433800e-03,4.700000e-06,1.427900e-03,5,7.656e-11,9.313e-11
fortran_omp,32,256,rough0.10,0.100000,0.039471,1.8776,2,pcg_jacobi,23,5.578000e-03,3.234800e-03,1.777200e-03,5,7.656e-11,9.313e-11
fortran_serial,1,256,rough0.10,0.100000,0.039471,1.8776,2,pcg_jacobi,23,2.671000e-03,5.010000e-05,2.401100e-03,5,7.656e-11,9.313e-11
openacc,0,256,rough0.10,0.100000,0.039471,1.8776,2,pcg_jacobi,23,2.226100e-03,8.100000e-06,2.206800e-03,5,7.656e-11,9.313e-11
cuda,0,256,rough0.10,0.100000,0.039471,1.8776,2,pcg_jacobi,23,1.089058e-03,8.943000e-06,1.080115e-03,5,7.656e-11,9.313e-11
fortran_omp,1,256,rough0.10,0.100000,0.039471,1.8776,2,pcg_rbgs,12,1.451020e-02,1.410000e-05,1.449390e-02,5,2.199e-11,2.687e-11
fortran_omp,16,256,rough0.10,0.100000,0.039471,1.8776,2,pcg_rbgs,12,1.777900e-03,3.720000e-05,1.594000e-03,5,2.199e-11,2.687e-11
fortran_omp,32,256,rough0.10,0.100000,0.039471,1.8776,2,pcg_rbgs,12,1.309900e-03,1.159000e-04,1.194000e-03,5,2.199e-11,2.687e-11
fortran_serial,1,256,rough0.10,0.100000,0.039471,1.8776,2,pcg_rbgs,12,7.237900e-03,2.290000e-05,7.122000e-03,5,2.199e-11,2.687e-11
openacc,0,256,rough0.10,0.100000,0.039471,1.8776,2,pcg_rbgs,12,2.217100e-03,4.900000e-06,2.208000e-03,5,2.199e-11,2.687e-11
cuda,0,256,rough0.10,0.100000,0.039471,1.8776,2,pcg_rbgs,12,7.853080e-04,6.530000e-06,7.787780e-04,5,2.199e-11,2.687e-11
fortran_omp,1,256,rough0.10,0.100000,0.039471,1.8776,2,multigrid,5,1.189780e-02,1.240000e-05,1.185700e-02,5,2.468e-11,3.449e-11
fortran_omp,16,256,rough0.10,0.100000,0.039471,1.8776,2,multigrid,5,1.845200e-03,6.420000e-05,1.628800e-03,5,2.468e-11,3.449e-11
fortran_omp,32,256,rough0.10,0.100000,0.039471,1.8776,2,multigrid,5,2.323200e-03,6.210000e-05,2.261100e-03,5,2.468e-11,3.449e-11
fortran_serial,1,256,rough0.10,0.100000,0.039471,1.8776,2,multigrid,5,9.398200e-03,3.520000e-05,9.335900e-03,5,2.468e-11,3.449e-11
openacc,0,256,rough0.10,0.100000,0.039471,1.8776,2,multigrid,5,8.258800e-03,6.580000e-05,8.193000e-03,5,2.468e-11,3.449e-11
cuda,0,256,rough0.10,0.100000,0.039471,1.8776,2,multigrid,5,1.373589e-03,1.332000e-06,1.372056e-03,5,2.468e-11,3.449e-11
fortran_omp,1,256,rough0.10,0.100000,0.039471,1.8776,8,pcg_jacobi,84,6.136090e-02,4.319000e-04,5.016490e-02,5,9.413e-11,2.253e-10
fortran_omp,16,256,rough0.10,0.100000,0.039471,1.8776,8,pcg_jacobi,84,5.311000e-03,1.000000e-05,5.163900e-03,5,9.413e-11,2.253e-10
fortran_omp,32,256,rough0.10,0.100000,0.039471,1.8776,8,pcg_jacobi,84,3.470700e-02,1.034410e-02,4.105800e-03,5,9.413e-11,2.253e-10
fortran_serial,1,256,rough0.10,0.100000,0.039471,1.8776,8,pcg_jacobi,84,9.511900e-03,1.638000e-04,9.348100e-03,5,9.413e-11,2.253e-10
openacc,0,256,rough0.10,0.100000,0.039471,1.8776,8,pcg_jacobi,84,7.982100e-03,9.100000e-06,7.973000e-03,5,9.413e-11,2.253e-10
cuda,0,256,rough0.10,0.100000,0.039471,1.8776,8,pcg_jacobi,84,3.907133e-03,2.629000e-05,3.876467e-03,5,9.413e-11,2.253e-10
fortran_omp,1,256,rough0.10,0.100000,0.039471,1.8776,8,pcg_rbgs,42,5.005500e-02,4.690000e-05,5.000810e-02,5,8.747e-11,2.089e-10
fortran_omp,16,256,rough0.10,0.100000,0.039471,1.8776,8,pcg_rbgs,42,5.408100e-03,6.800000e-05,5.287800e-03,5,8.747e-11,2.089e-10
fortran_omp,32,256,rough0.10,0.100000,0.039471,1.8776,8,pcg_rbgs,42,1.727300e-02,5.391000e-03,1.188200e-02,5,8.747e-11,2.089e-10
fortran_serial,1,256,rough0.10,0.100000,0.039471,1.8776,8,pcg_rbgs,42,2.554800e-02,2.929000e-04,2.514410e-02,5,8.747e-11,2.089e-10
openacc,0,256,rough0.10,0.100000,0.039471,1.8776,8,pcg_rbgs,42,7.654900e-03,3.310000e-05,7.608000e-03,5,8.747e-11,2.089e-10
cuda,0,256,rough0.10,0.100000,0.039471,1.8776,8,pcg_rbgs,42,2.714818e-03,6.040000e-06,2.692304e-03,5,8.747e-11,2.089e-10
fortran_omp,1,256,rough0.10,0.100000,0.039471,1.8776,8,multigrid,9,2.136610e-02,5.120000e-05,2.125210e-02,5,5.237e-11,1.022e-10
fortran_omp,16,256,rough0.10,0.100000,0.039471,1.8776,8,multigrid,9,3.227000e-03,6.800000e-05,3.159000e-03,5,5.237e-11,1.022e-10
fortran_omp,32,256,rough0.10,0.100000,0.039471,1.8776,8,multigrid,9,3.434800e-03,9.838000e-04,2.451000e-03,5,5.237e-11,1.022e-10
fortran_serial,1,256,rough0.10,0.100000,0.039471,1.8776,8,multigrid,9,1.663400e-02,9.100000e-06,1.659490e-02,5,5.237e-11,1.022e-10
openacc,0,256,rough0.10,0.100000,0.039471,1.8776,8,multigrid,9,1.473600e-02,2.371000e-04,1.446310e-02,5,5.237e-11,1.022e-10
cuda,0,256,rough0.10,0.100000,0.039471,1.8776,8,multigrid,9,2.461735e-03,1.442000e-06,2.460293e-03,5,5.237e-11,1.022e-10
fortran_omp,1,256,rough0.10,0.100000,0.039471,1.8776,32,pcg_jacobi,314,1.729011e-01,7.501000e-04,1.721510e-01,5,9.881e-11,4.161e-10
fortran_omp,16,256,rough0.10,0.100000,0.039471,1.8776,32,pcg_jacobi,314,1.949310e-02,1.518000e-04,1.874590e-02,5,9.881e-11,4.161e-10
fortran_omp,32,256,rough0.10,0.100000,0.039471,1.8776,32,pcg_jacobi,314,6.665580e-02,7.739900e-03,2.741690e-02,5,9.881e-11,4.161e-10
fortran_serial,1,256,rough0.10,0.100000,0.039471,1.8776,32,pcg_jacobi,314,3.544400e-02,1.000000e-05,3.512690e-02,5,9.881e-11,4.161e-10
openacc,0,256,rough0.10,0.100000,0.039471,1.8776,32,pcg_jacobi,314,2.954600e-02,7.100000e-05,2.866200e-02,5,9.881e-11,4.161e-10
cuda,0,256,rough0.10,0.100000,0.039471,1.8776,32,pcg_jacobi,314,1.442772e-02,1.496300e-05,1.441275e-02,5,9.881e-11,4.161e-10
fortran_omp,1,256,rough0.10,0.100000,0.039471,1.8776,32,pcg_rbgs,157,2.440970e-01,4.217800e-03,2.339489e-01,5,9.717e-11,4.078e-10
fortran_omp,16,256,rough0.10,0.100000,0.039471,1.8776,32,pcg_rbgs,157,1.975200e-02,2.192000e-04,1.949810e-02,5,9.717e-11,4.078e-10
fortran_omp,32,256,rough0.10,0.100000,0.039471,1.8776,32,pcg_rbgs,157,8.766890e-02,3.053190e-02,5.486610e-02,5,9.717e-11,4.078e-10
fortran_serial,1,256,rough0.10,0.100000,0.039471,1.8776,32,pcg_rbgs,157,9.468190e-02,1.641000e-04,9.451320e-02,5,9.717e-11,4.078e-10
openacc,0,256,rough0.10,0.100000,0.039471,1.8776,32,pcg_rbgs,157,2.836600e-02,1.510000e-05,2.824910e-02,5,9.717e-11,4.078e-10
cuda,0,256,rough0.10,0.100000,0.039471,1.8776,32,pcg_rbgs,157,1.002511e-02,2.729200e-05,9.951550e-03,5,9.717e-11,4.078e-10
fortran_omp,1,256,rough0.10,0.100000,0.039471,1.8776,32,multigrid,10,2.358480e-02,1.880000e-05,2.352190e-02,5,6.691e-11,1.390e-10
fortran_omp,16,256,rough0.10,0.100000,0.039471,1.8776,32,multigrid,10,3.727900e-03,1.809000e-04,3.437000e-03,5,6.691e-11,1.390e-10
fortran_omp,32,256,rough0.10,0.100000,0.039471,1.8776,32,multigrid,10,4.004000e-03,9.000000e-06,3.995000e-03,5,6.691e-11,1.390e-10
fortran_serial,1,256,rough0.10,0.100000,0.039471,1.8776,32,multigrid,10,1.855710e-02,8.100000e-06,1.851800e-02,5,6.691e-11,1.390e-10
openacc,0,256,rough0.10,0.100000,0.039471,1.8776,32,multigrid,10,1.574900e-02,1.230000e-04,1.538180e-02,5,6.691e-11,1.390e-10
cuda,0,256,rough0.10,0.100000,0.039471,1.8776,32,multigrid,10,2.735079e-03,2.314000e-06,2.732175e-03,5,6.691e-11,1.390e-10
fortran_omp,1,256,rough0.10,0.100000,0.039471,1.8776,128,pcg_jacobi,869,4.750290e-01,3.099000e-04,4.747191e-01,5,9.889e-11,3.829e-10
fortran_omp,16,256,rough0.10,0.100000,0.039471,1.8776,128,pcg_jacobi,869,5.742690e-02,2.020200e-03,5.378790e-02,5,9.889e-11,3.829e-10
fortran_omp,32,256,rough0.10,0.100000,0.039471,1.8776,128,pcg_jacobi,869,1.369209e-01,2.880100e-02,7.665610e-02,5,9.889e-11,3.829e-10
fortran_serial,1,256,rough0.10,0.100000,0.039471,1.8776,128,pcg_jacobi,869,9.597500e-02,1.580000e-04,9.580610e-02,5,9.889e-11,3.829e-10
openacc,0,256,rough0.10,0.100000,0.039471,1.8776,128,pcg_jacobi,869,8.158110e-02,7.062000e-04,7.998800e-02,5,9.889e-11,3.829e-10
cuda,0,256,rough0.10,0.100000,0.039471,1.8776,128,pcg_jacobi,869,3.977681e-02,1.183190e-04,3.901545e-02,5,9.889e-11,3.829e-10
fortran_omp,1,256,rough0.10,0.100000,0.039471,1.8776,128,pcg_rbgs,435,5.140660e-01,2.301000e-04,5.134990e-01,5,9.340e-11,3.675e-10
fortran_omp,16,256,rough0.10,0.100000,0.039471,1.8776,128,pcg_rbgs,435,6.331490e-02,3.301800e-03,5.345200e-02,5,9.340e-11,3.675e-10
fortran_omp,32,256,rough0.10,0.100000,0.039471,1.8776,128,pcg_rbgs,435,1.106309e-01,9.284000e-03,1.013469e-01,5,9.340e-11,3.675e-10
fortran_serial,1,256,rough0.10,0.100000,0.039471,1.8776,128,pcg_rbgs,435,2.614829e-01,2.721000e-04,2.596972e-01,5,9.340e-11,3.675e-10
openacc,0,256,rough0.10,0.100000,0.039471,1.8776,128,pcg_rbgs,435,7.817890e-02,2.253000e-04,7.776090e-02,5,9.340e-11,3.675e-10
cuda,0,256,rough0.10,0.100000,0.039471,1.8776,128,pcg_rbgs,435,2.776628e-02,1.955660e-04,2.741038e-02,5,9.340e-11,3.675e-10
fortran_omp,1,256,rough0.10,0.100000,0.039471,1.8776,128,multigrid,11,2.611300e-02,2.190000e-05,2.608890e-02,5,6.312e-11,4.738e-09
fortran_omp,16,256,rough0.10,0.100000,0.039471,1.8776,128,multigrid,11,4.031900e-03,5.900000e-06,3.705000e-03,5,6.312e-11,4.738e-09
fortran_omp,32,256,rough0.10,0.100000,0.039471,1.8776,128,multigrid,11,1.314090e-02,5.350000e-04,4.304000e-03,5,6.312e-11,4.738e-09
fortran_serial,1,256,rough0.10,0.100000,0.039471,1.8776,128,multigrid,11,2.058600e-02,2.441000e-04,2.033590e-02,5,6.312e-11,4.738e-09
openacc,0,256,rough0.10,0.100000,0.039471,1.8776,128,multigrid,11,1.726510e-02,2.363000e-04,1.702880e-02,5,6.312e-11,4.738e-09
cuda,0,256,rough0.10,0.100000,0.039471,1.8776,128,multigrid,11,3.007442e-03,4.846000e-06,3.001682e-03,5,6.312e-11,4.738e-09
fortran_omp,1,512,rough0.10,0.100000,0.025982,1.8303,2,pcg_jacobi,23,5.019790e-02,6.690000e-05,5.013100e-02,5,7.543e-11,9.264e-11
fortran_omp,16,512,rough0.10,0.100000,0.025982,1.8303,2,pcg_jacobi,23,4.589100e-03,3.220000e-05,4.515100e-03,5,7.543e-11,9.264e-11
fortran_omp,32,512,rough0.10,0.100000,0.025982,1.8303,2,pcg_jacobi,23,5.171000e-03,8.020000e-05,4.952000e-03,5,7.543e-11,9.264e-11
fortran_serial,1,512,rough0.10,0.100000,0.025982,1.8303,2,pcg_jacobi,23,9.422000e-03,2.500000e-05,9.397000e-03,5,7.543e-11,9.264e-11
openacc,0,512,rough0.10,0.100000,0.025982,1.8303,2,pcg_jacobi,23,2.494100e-03,4.820000e-05,2.160100e-03,5,7.543e-11,9.264e-11
cuda,0,512,rough0.10,0.100000,0.025982,1.8303,2,pcg_jacobi,23,1.524647e-03,9.084000e-06,1.481922e-03,5,7.543e-11,9.264e-11
fortran_omp,1,512,rough0.10,0.100000,0.025982,1.8303,2,pcg_rbgs,12,5.662900e-02,8.700000e-05,5.654190e-02,5,2.343e-11,2.881e-11
fortran_omp,16,512,rough0.10,0.100000,0.025982,1.8303,2,pcg_rbgs,12,6.399200e-03,1.153000e-04,6.283900e-03,5,2.343e-11,2.881e-11
fortran_omp,32,512,rough0.10,0.100000,0.025982,1.8303,2,pcg_rbgs,12,1.308390e-02,5.485100e-03,5.816900e-03,5,2.343e-11,2.881e-11
fortran_serial,1,512,rough0.10,0.100000,0.025982,1.8303,2,pcg_rbgs,12,2.846090e-02,8.310000e-05,2.798200e-02,5,2.343e-11,2.881e-11
openacc,0,512,rough0.10,0.100000,0.025982,1.8303,2,pcg_rbgs,12,2.464000e-03,2.800000e-05,2.263000e-03,5,2.343e-11,2.881e-11
cuda,0,512,rough0.10,0.100000,0.025982,1.8303,2,pcg_rbgs,12,1.351666e-03,6.399000e-06,1.344334e-03,5,2.343e-11,2.881e-11
fortran_omp,1,512,rough0.10,0.100000,0.025982,1.8303,2,multigrid,5,4.775810e-02,1.562000e-04,4.760190e-02,5,2.468e-11,3.445e-11
fortran_omp,16,512,rough0.10,0.100000,0.025982,1.8303,2,multigrid,5,6.461100e-03,1.078000e-04,5.527000e-03,5,2.468e-11,3.445e-11
fortran_omp,32,512,rough0.10,0.100000,0.025982,1.8303,2,multigrid,5,2.056190e-02,7.943800e-03,1.261810e-02,5,2.468e-11,3.445e-11
fortran_serial,1,512,rough0.10,0.100000,0.025982,1.8303,2,multigrid,5,3.782480e-02,1.590000e-05,3.774000e-02,5,2.468e-11,3.445e-11
openacc,0,512,rough0.10,0.100000,0.025982,1.8303,2,multigrid,5,1.297500e-02,2.128000e-04,1.273710e-02,5,2.468e-11,3.445e-11
cuda,0,512,rough0.10,0.100000,0.025982,1.8303,2,multigrid,5,2.009932e-03,9.310000e-07,2.006527e-03,5,2.468e-11,3.445e-11
fortran_omp,1,512,rough0.10,0.100000,0.025982,1.8303,8,pcg_jacobi,85,1.856172e-01,2.957000e-04,1.851728e-01,5,9.560e-11,2.389e-10
fortran_omp,16,512,rough0.10,0.100000,0.025982,1.8303,8,pcg_jacobi,85,1.699300e-02,4.921000e-04,1.650090e-02,5,9.560e-11,2.389e-10
fortran_omp,32,512,rough0.10,0.100000,0.025982,1.8303,8,pcg_jacobi,85,2.881910e-02,3.030700e-03,2.202100e-02,5,9.560e-11,2.389e-10
fortran_serial,1,512,rough0.10,0.100000,0.025982,1.8303,8,pcg_jacobi,85,3.621980e-02,3.403000e-04,3.509780e-02,5,9.560e-11,2.389e-10
openacc,0,512,rough0.10,0.100000,0.025982,1.8303,8,pcg_jacobi,85,9.109000e-03,3.090000e-05,9.064900e-03,5,9.560e-11,2.389e-10
cuda,0,512,rough0.10,0.100000,0.025982,1.8303,8,pcg_jacobi,85,5.360653e-03,1.173700e-05,5.329756e-03,5,9.560e-11,2.389e-10
fortran_omp,1,512,rough0.10,0.100000,0.025982,1.8303,8,pcg_rbgs,43,2.035968e-01,5.860000e-05,2.033081e-01,5,6.897e-11,1.728e-10
fortran_omp,16,512,rough0.10,0.100000,0.025982,1.8303,8,pcg_rbgs,43,2.011680e-02,3.469000e-04,1.976990e-02,5,6.897e-11,1.728e-10
fortran_omp,32,512,rough0.10,0.100000,0.025982,1.8303,8,pcg_rbgs,43,4.342320e-02,3.657100e-03,3.976610e-02,5,6.897e-11,1.728e-10
fortran_serial,1,512,rough0.10,0.100000,0.025982,1.8303,8,pcg_rbgs,43,1.028619e-01,1.114900e-03,1.017470e-01,5,6.897e-11,1.728e-10
openacc,0,512,rough0.10,0.100000,0.025982,1.8303,8,pcg_rbgs,43,8.896100e-03,8.110000e-05,8.806000e-03,5,6.897e-11,1.728e-10
cuda,0,512,rough0.10,0.100000,0.025982,1.8303,8,pcg_rbgs,43,4.758872e-03,1.825700e-05,4.715546e-03,5,6.897e-11,1.728e-10
fortran_omp,1,512,rough0.10,0.100000,0.025982,1.8303,8,multigrid,9,1.105430e-01,5.583100e-03,9.051300e-02,5,4.917e-11,9.532e-11
fortran_omp,16,512,rough0.10,0.100000,0.025982,1.8303,8,multigrid,9,1.124500e-02,1.359000e-04,1.089500e-02,5,4.917e-11,9.532e-11
fortran_omp,32,512,rough0.10,0.100000,0.025982,1.8303,8,multigrid,9,1.050300e-02,7.431000e-04,9.759900e-03,5,4.917e-11,9.532e-11
fortran_serial,1,512,rough0.10,0.100000,0.025982,1.8303,8,multigrid,9,6.841200e-02,1.001000e-04,6.822800e-02,5,4.917e-11,9.532e-11
openacc,0,512,rough0.10,0.100000,0.025982,1.8303,8,multigrid,9,2.179100e-02,5.739000e-04,2.118300e-02,5,4.917e-11,9.532e-11
cuda,0,512,rough0.10,0.100000,0.025982,1.8303,8,multigrid,9,3.599337e-03,2.153000e-06,3.591465e-03,5,4.917e-11,9.532e-11
fortran_omp,1,512,rough0.10,0.100000,0.025982,1.8303,32,pcg_jacobi,325,7.059359e-01,1.198100e-03,7.046401e-01,5,9.417e-11,4.225e-10
fortran_omp,16,512,rough0.10,0.100000,0.025982,1.8303,32,pcg_jacobi,325,6.757590e-02,1.368000e-03,6.414010e-02,5,9.417e-11,4.225e-10
fortran_omp,32,512,rough0.10,0.100000,0.025982,1.8303,32,pcg_jacobi,325,1.599819e-01,9.902900e-03,1.098302e-01,5,9.417e-11,4.225e-10
fortran_serial,1,512,rough0.10,0.100000,0.025982,1.8303,32,pcg_jacobi,325,1.372800e-01,1.641000e-04,1.366820e-01,5,9.417e-11,4.225e-10
openacc,0,512,rough0.10,0.100000,0.025982,1.8303,32,pcg_jacobi,325,3.442400e-02,1.879000e-04,3.323010e-02,5,9.417e-11,4.225e-10
cuda,0,512,rough0.10,0.100000,0.025982,1.8303,32,pcg_jacobi,325,2.034939e-02,2.187400e-05,2.031173e-02,5,9.417e-11,4.225e-10
fortran_omp,1,512,rough0.10,0.100000,0.025982,1.8303,32,pcg_rbgs,162,7.654250e-01,7.200000e-04,7.633941e-01,5,9.897e-11,4.441e-10
fortran_omp,16,512,rough0.10,0.100000,0.025982,1.8303,32,pcg_rbgs,162,8.831720e-02,5.211700e-03,7.524800e-02,5,9.897e-11,4.441e-10
fortran_omp,32,512,rough0.10,0.100000,0.025982,1.8303,32,pcg_rbgs,162,1.807510e-01,3.548600e-02,1.147750e-01,5,9.897e-11,4.441e-10
fortran_serial,1,512,rough0.10,0.100000,0.025982,1.8303,32,pcg_rbgs,162,3.864510e-01,2.711000e-04,3.859660e-01,5,9.897e-11,4.441e-10
openacc,0,512,rough0.10,0.100000,0.025982,1.8303,32,pcg_rbgs,162,3.290290e-02,3.818000e-04,3.233880e-02,5,9.897e-11,4.441e-10
cuda,0,512,rough0.10,0.100000,0.025982,1.8303,32,pcg_rbgs,162,1.765921e-02,2.625900e-05,1.761966e-02,5,9.897e-11,4.441e-10
fortran_omp,1,512,rough0.10,0.100000,0.025982,1.8303,32,multigrid,10,9.624410e-02,1.428000e-04,9.503480e-02,5,6.330e-11,1.473e-10
fortran_omp,16,512,rough0.10,0.100000,0.025982,1.8303,32,multigrid,10,1.107200e-02,4.791000e-04,1.056690e-02,5,6.330e-11,1.473e-10
fortran_omp,32,512,rough0.10,0.100000,0.025982,1.8303,32,multigrid,10,1.621080e-02,1.326900e-03,7.682800e-03,5,6.330e-11,1.473e-10
fortran_serial,1,512,rough0.10,0.100000,0.025982,1.8303,32,multigrid,10,7.603780e-02,2.169000e-04,7.582090e-02,5,6.330e-11,1.473e-10
openacc,0,512,rough0.10,0.100000,0.025982,1.8303,32,multigrid,10,2.413610e-02,5.141000e-04,2.362200e-02,5,6.330e-11,1.473e-10
cuda,0,512,rough0.10,0.100000,0.025982,1.8303,32,multigrid,10,3.996688e-03,1.321000e-06,3.993313e-03,5,6.330e-11,1.473e-10
fortran_omp,1,512,rough0.10,0.100000,0.025982,1.8303,128,pcg_jacobi,1105,2.396660e+00,2.548900e-03,2.392260e+00,5,9.991e-11,6.256e-10
fortran_omp,16,512,rough0.10,0.100000,0.025982,1.8303,128,pcg_jacobi,1105,2.280581e-01,4.051200e-03,2.240069e-01,5,9.991e-11,6.256e-10
fortran_omp,32,512,rough0.10,0.100000,0.025982,1.8303,128,pcg_jacobi,1105,4.834959e-01,4.966590e-02,3.654861e-01,5,9.991e-11,6.256e-10
fortran_serial,1,512,rough0.10,0.100000,0.025982,1.8303,128,pcg_jacobi,1105,4.691651e-01,1.059100e-03,4.676959e-01,5,9.991e-11,6.256e-10
openacc,0,512,rough0.10,0.100000,0.025982,1.8303,128,pcg_jacobi,1105,1.165421e-01,5.688000e-04,1.158809e-01,5,9.991e-11,6.256e-10
cuda,0,512,rough0.10,0.100000,0.025982,1.8303,128,pcg_jacobi,1105,6.931538e-02,2.138640e-04,6.889374e-02,5,9.991e-11,6.256e-10
fortran_omp,1,512,rough0.10,0.100000,0.025982,1.8303,128,pcg_rbgs,553,2.608584e+00,3.634200e-03,2.583796e+00,5,9.694e-11,6.087e-10
fortran_omp,16,512,rough0.10,0.100000,0.025982,1.8303,128,pcg_rbgs,553,2.921459e-01,3.435200e-03,2.854581e-01,5,9.694e-11,6.087e-10
fortran_omp,32,512,rough0.10,0.100000,0.025982,1.8303,128,pcg_rbgs,553,6.363770e-01,3.533990e-02,5.767369e-01,5,9.694e-11,6.087e-10
fortran_serial,1,512,rough0.10,0.100000,0.025982,1.8303,128,pcg_rbgs,553,1.314910e+00,1.504100e-03,1.303814e+00,5,9.694e-11,6.087e-10
openacc,0,512,rough0.10,0.100000,0.025982,1.8303,128,pcg_rbgs,553,1.120901e-01,5.549000e-04,1.113541e-01,5,9.694e-11,6.087e-10
cuda,0,512,rough0.10,0.100000,0.025982,1.8303,128,pcg_rbgs,553,6.021157e-02,6.873400e-05,5.991728e-02,5,9.694e-11,6.087e-10
fortran_omp,1,512,rough0.10,0.100000,0.025982,1.8303,128,multigrid,10,9.485790e-02,6.700000e-05,9.479090e-02,5,9.939e-11,2.459e-10
fortran_omp,16,512,rough0.10,0.100000,0.025982,1.8303,128,multigrid,10,1.225700e-02,9.321000e-04,1.093390e-02,5,9.939e-11,2.459e-10
fortran_omp,32,512,rough0.10,0.100000,0.025982,1.8303,128,multigrid,10,2.244910e-02,2.163800e-03,1.422690e-02,5,9.939e-11,2.459e-10
fortran_serial,1,512,rough0.10,0.100000,0.025982,1.8303,128,multigrid,10,7.595900e-02,1.261000e-04,7.519500e-02,5,9.939e-11,2.459e-10
openacc,0,512,rough0.10,0.100000,0.025982,1.8303,128,multigrid,10,2.406100e-02,4.630000e-04,2.327510e-02,5,9.939e-11,2.459e-10
cuda,0,512,rough0.10,0.100000,0.025982,1.8303,128,multigrid,10,3.997420e-03,1.693000e-06,3.995727e-03,5,9.939e-11,2.459e-10
fortran_omp,1,1024,rough0.10,0.100000,0.023585,2.1444,2,pcg_jacobi,23,2.045018e-01,2.063000e-04,2.041490e-01,5,6.919e-11,8.503e-11
fortran_omp,16,1024,rough0.10,0.100000,0.023585,2.1444,2,pcg_jacobi,23,1.874590e-02,1.900000e-04,1.846320e-02,5,6.919e-11,8.503e-11
fortran_omp,32,1024,rough0.10,0.100000,0.023585,2.1444,2,pcg_jacobi,23,2.105780e-02,5.402800e-03,1.565500e-02,5,6.919e-11,8.503e-11
fortran_serial,1,1024,rough0.10,0.100000,0.023585,2.1444,2,pcg_jacobi,23,6.178210e-02,4.882000e-04,6.003310e-02,5,6.919e-11,8.503e-11
openacc,0,1024,rough0.10,0.100000,0.023585,2.1444,2,pcg_jacobi,23,3.414900e-03,6.000000e-06,3.408900e-03,5,6.919e-11,8.503e-11
cuda,0,1024,rough0.10,0.100000,0.023585,2.1444,2,pcg_jacobi,23,2.869332e-03,6.970000e-06,2.826188e-03,5,6.919e-11,8.503e-11
fortran_omp,1,1024,rough0.10,0.100000,0.023585,2.1444,2,pcg_rbgs,12,2.327371e-01,3.118000e-04,2.306471e-01,5,2.064e-11,2.534e-11
fortran_omp,16,1024,rough0.10,0.100000,0.023585,2.1444,2,pcg_rbgs,12,2.182100e-02,4.928000e-04,2.132820e-02,5,2.064e-11,2.534e-11
fortran_omp,32,1024,rough0.10,0.100000,0.023585,2.1444,2,pcg_rbgs,12,5.640510e-02,2.766200e-03,5.363890e-02,5,2.064e-11,2.534e-11
fortran_serial,1,1024,rough0.10,0.100000,0.023585,2.1444,2,pcg_rbgs,12,1.292049e-01,1.980000e-04,1.288998e-01,5,2.064e-11,2.534e-11
openacc,0,1024,rough0.10,0.100000,0.023585,2.1444,2,pcg_rbgs,12,3.376100e-03,4.900000e-06,3.355900e-03,5,2.064e-11,2.534e-11
cuda,0,1024,rough0.10,0.100000,0.023585,2.1444,2,pcg_rbgs,12,3.220444e-03,4.347000e-06,3.216097e-03,5,2.064e-11,2.534e-11
fortran_omp,1,1024,rough0.10,0.100000,0.023585,2.1444,2,multigrid,5,1.979790e-01,8.362000e-04,1.971428e-01,5,1.918e-11,2.677e-11
fortran_omp,16,1024,rough0.10,0.100000,0.023585,2.1444,2,multigrid,5,2.589110e-02,2.721100e-03,2.186510e-02,5,1.918e-11,2.677e-11
fortran_omp,32,1024,rough0.10,0.100000,0.023585,2.1444,2,multigrid,5,6.611590e-02,2.826800e-03,6.328910e-02,5,1.918e-11,2.677e-11
fortran_serial,1,1024,rough0.10,0.100000,0.023585,2.1444,2,multigrid,5,1.669159e-01,2.958000e-04,1.601371e-01,5,1.918e-11,2.677e-11
openacc,0,1024,rough0.10,0.100000,0.023585,2.1444,2,multigrid,5,2.204480e-02,1.809000e-04,2.186390e-02,5,1.918e-11,2.677e-11
cuda,0,1024,rough0.10,0.100000,0.023585,2.1444,2,multigrid,5,3.915635e-03,1.421000e-06,3.914214e-03,5,1.918e-11,2.677e-11
fortran_omp,1,1024,rough0.10,0.100000,0.023585,2.1444,8,pcg_jacobi,85,7.535012e-01,2.837000e-04,7.507669e-01,5,9.883e-11,2.464e-10
fortran_omp,16,1024,rough0.10,0.100000,0.023585,2.1444,8,pcg_jacobi,85,6.819920e-02,4.167000e-04,6.422490e-02,5,9.883e-11,2.464e-10
fortran_omp,32,1024,rough0.10,0.100000,0.023585,2.1444,8,pcg_jacobi,85,1.587488e-01,2.215290e-02,1.141858e-01,5,9.883e-11,2.464e-10
fortran_serial,1,1024,rough0.10,0.100000,0.023585,2.1444,8,pcg_jacobi,85,2.263331e-01,1.139100e-03,2.251940e-01,5,9.883e-11,2.464e-10
openacc,0,1024,rough0.10,0.100000,0.023585,2.1444,8,pcg_jacobi,85,1.232410e-02,4.410000e-05,1.227680e-02,5,9.883e-11,2.464e-10
cuda,0,1024,rough0.10,0.100000,0.023585,2.1444,8,pcg_jacobi,85,1.046665e-02,3.065600e-05,1.043599e-02,5,9.883e-11,2.464e-10
fortran_omp,1,1024,rough0.10,0.100000,0.023585,2.1444,8,pcg_rbgs,43,8.304789e-01,3.069000e-04,8.301720e-01,5,7.081e-11,1.771e-10
fortran_omp,16,1024,rough0.10,0.100000,0.023585,2.1444,8,pcg_rbgs,43,8.825510e-02,4.530000e-04,7.820890e-02,5,7.081e-11,1.771e-10
fortran_omp,32,1024,rough0.10,0.100000,0.023585,2.1444,8,pcg_rbgs,43,1.969421e-01,4.242080e-02,1.490249e-01,5,7.081e-11,1.771e-10
fortran_serial,1,1024,rough0.10,0.100000,0.023585,2.1444,8,pcg_rbgs,43,4.821520e-01,4.849000e-04,4.775850e-01,5,7.081e-11,1.771e-10
openacc,0,1024,rough0.10,0.100000,0.023585,2.1444,8,pcg_rbgs,43,1.190990e-02,2.370000e-05,1.188620e-02,5,7.081e-11,1.771e-10
cuda,0,1024,rough0.10,0.100000,0.023585,2.1444,8,pcg_rbgs,43,1.153842e-02,2.437800e-05,1.140748e-02,5,7.081e-11,1.771e-10
fortran_omp,1,1024,rough0.10,0.100000,0.023585,2.1444,8,multigrid,9,3.603420e-01,2.683900e-03,3.560760e-01,5,4.743e-11,9.336e-11
fortran_omp,16,1024,rough0.10,0.100000,0.023585,2.1444,8,multigrid,9,4.029110e-02,2.541900e-03,3.772190e-02,5,4.743e-11,9.336e-11
fortran_omp,32,1024,rough0.10,0.100000,0.023585,2.1444,8,multigrid,9,8.075720e-02,1.844230e-02,5.469010e-02,5,4.743e-11,9.336e-11
fortran_serial,1,1024,rough0.10,0.100000,0.023585,2.1444,8,multigrid,9,2.850677e-01,1.259200e-03,2.834120e-01,5,4.743e-11,9.336e-11
openacc,0,1024,rough0.10,0.100000,0.023585,2.1444,8,multigrid,9,3.692910e-02,1.831000e-04,3.644390e-02,5,4.743e-11,9.336e-11
cuda,0,1024,rough0.10,0.100000,0.023585,2.1444,8,multigrid,9,7.040324e-03,3.496000e-06,7.006323e-03,5,4.743e-11,9.336e-11
fortran_omp,1,1024,rough0.10,0.100000,0.023585,2.1444,32,pcg_jacobi,324,2.870114e+00,1.444620e-02,2.855668e+00,5,9.705e-11,4.914e-10
fortran_omp,16,1024,rough0.10,0.100000,0.023585,2.1444,32,pcg_jacobi,324,2.620341e-01,6.770000e-04,2.567510e-01,5,9.705e-11,4.914e-10
fortran_omp,32,1024,rough0.10,0.100000,0.023585,2.1444,32,pcg_jacobi,324,6.760001e-01,3.296000e-02,5.524010e-01,5,9.705e-11,4.914e-10
fortran_serial,1,1024,rough0.10,0.100000,0.023585,2.1444,32,pcg_jacobi,324,8.769140e-01,3.770800e-03,8.614141e-01,5,9.705e-11,4.914e-10
openacc,0,1024,rough0.10,0.100000,0.023585,2.1444,32,pcg_jacobi,324,4.696490e-02,2.560000e-04,4.625900e-02,5,9.705e-11,4.914e-10
cuda,0,1024,rough0.10,0.100000,0.023585,2.1444,32,pcg_jacobi,324,4.004947e-02,1.112080e-04,3.990543e-02,5,9.705e-11,4.914e-10
fortran_omp,1,1024,rough0.10,0.100000,0.023585,2.1444,32,pcg_rbgs,162,3.111433e+00,3.919800e-03,3.107513e+00,5,9.525e-11,4.822e-10
fortran_omp,16,1024,rough0.10,0.100000,0.023585,2.1444,32,pcg_rbgs,162,3.294079e-01,5.025100e-03,3.238411e-01,5,9.525e-11,4.822e-10
fortran_omp,32,1024,rough0.10,0.100000,0.023585,2.1444,32,pcg_rbgs,162,5.528770e-01,7.343900e-03,4.858501e-01,5,9.525e-11,4.822e-10
fortran_serial,1,1024,rough0.10,0.100000,0.023585,2.1444,32,pcg_rbgs,162,1.795262e+00,2.594590e-02,1.767990e+00,5,9.525e-11,4.822e-10
openacc,0,1024,rough0.10,0.100000,0.023585,2.1444,32,pcg_rbgs,162,4.495500e-02,2.511000e-04,4.443280e-02,5,9.525e-11,4.822e-10
cuda,0,1024,rough0.10,0.100000,0.023585,2.1444,32,pcg_rbgs,162,4.344994e-02,3.416200e-05,4.341577e-02,5,9.525e-11,4.822e-10
fortran_omp,1,1024,rough0.10,0.100000,0.023585,2.1444,32,multigrid,10,3.973040e-01,8.372000e-04,3.936770e-01,5,6.468e-11,1.543e-10
fortran_omp,16,1024,rough0.10,0.100000,0.023585,2.1444,32,multigrid,10,4.861180e-02,9.460000e-04,4.677510e-02,5,6.468e-11,1.543e-10
fortran_omp,32,1024,rough0.10,0.100000,0.023585,2.1444,32,multigrid,10,7.342190e-02,2.118390e-02,5.223800e-02,5,6.468e-11,1.543e-10
fortran_serial,1,1024,rough0.10,0.100000,0.023585,2.1444,32,multigrid,10,3.239842e-01,1.234700e-03,3.215862e-01,5,6.468e-11,1.543e-10
openacc,0,1024,rough0.10,0.100000,0.023585,2.1444,32,multigrid,10,4.045700e-02,2.780000e-04,4.004120e-02,5,6.468e-11,1.543e-10
cuda,0,1024,rough0.10,0.100000,0.023585,2.1444,32,multigrid,10,7.830230e-03,6.379000e-06,7.823851e-03,5,6.468e-11,1.543e-10
fortran_omp,1,1024,rough0.10,0.100000,0.023585,2.1444,128,pcg_jacobi,1196,1.058360e+01,1.582900e-03,1.055468e+01,5,9.926e-11,9.206e-10
fortran_omp,16,1024,rough0.10,0.100000,0.023585,2.1444,128,pcg_jacobi,1196,9.500280e-01,1.643000e-03,9.483850e-01,5,9.926e-11,9.206e-10
fortran_omp,32,1024,rough0.10,0.100000,0.023585,2.1444,128,pcg_jacobi,1196,1.989369e+00,1.081091e-01,1.849666e+00,5,9.926e-11,9.206e-10
fortran_serial,1,1024,rough0.10,0.100000,0.023585,2.1444,128,pcg_jacobi,1196,3.256967e+00,9.432100e-03,3.221760e+00,5,9.926e-11,9.206e-10
openacc,0,1024,rough0.10,0.100000,0.023585,2.1444,128,pcg_jacobi,1196,1.731369e-01,5.620000e-04,1.725652e-01,5,9.926e-11,9.206e-10
cuda,0,1024,rough0.10,0.100000,0.023585,2.1444,128,pcg_jacobi,1196,1.477346e-01,1.977190e-04,1.475368e-01,5,9.926e-11,9.206e-10
fortran_omp,1,1024,rough0.10,0.100000,0.023585,2.1444,128,pcg_rbgs,598,1.146202e+01,1.730510e-02,1.144471e+01,5,9.877e-11,9.161e-10
fortran_omp,16,1024,rough0.10,0.100000,0.023585,2.1444,128,pcg_rbgs,598,1.219395e+00,3.192900e-03,1.216202e+00,5,9.877e-11,9.161e-10
fortran_omp,32,1024,rough0.10,0.100000,0.023585,2.1444,128,pcg_rbgs,598,2.733281e+00,7.687330e-02,2.458332e+00,5,9.877e-11,9.161e-10
fortran_serial,1,1024,rough0.10,0.100000,0.023585,2.1444,128,pcg_rbgs,598,6.567697e+00,1.616590e-02,6.506591e+00,5,9.877e-11,9.161e-10
openacc,0,1024,rough0.10,0.100000,0.023585,2.1444,128,pcg_rbgs,598,1.649239e-01,1.569000e-04,1.641150e-01,5,9.877e-11,9.161e-10
cuda,0,1024,rough0.10,0.100000,0.023585,2.1444,128,pcg_rbgs,598,1.605872e-01,3.592400e-05,1.604359e-01,5,9.877e-11,9.161e-10
fortran_omp,1,1024,rough0.10,0.100000,0.023585,2.1444,128,multigrid,11,4.377521e-01,3.950200e-03,4.336731e-01,5,1.303e-11,2.951e-11
fortran_omp,16,1024,rough0.10,0.100000,0.023585,2.1444,128,multigrid,11,5.119210e-02,3.949300e-03,4.506500e-02,5,1.303e-11,2.951e-11
fortran_omp,32,1024,rough0.10,0.100000,0.023585,2.1444,128,multigrid,11,9.278510e-02,1.601000e-02,7.677510e-02,5,1.303e-11,2.951e-11
fortran_serial,1,1024,rough0.10,0.100000,0.023585,2.1444,128,multigrid,11,3.685160e-01,1.769000e-03,3.627370e-01,5,1.303e-11,2.951e-11
openacc,0,1024,rough0.10,0.100000,0.023585,2.1444,128,multigrid,11,4.412500e-02,1.090000e-04,4.376290e-02,5,1.303e-11,2.951e-11
cuda,0,1024,rough0.10,0.100000,0.023585,2.1444,128,multigrid,11,8.639294e-03,4.042100e-05,8.583941e-03,5,1.303e-11,2.951e-11
