backend,threads,n,eos,wall_s,wall_mad_s,n_repeat,checksum
fortran_omp,1,30000000,linear,1.665945E-02,8.055000E-05,20,-8.861232E+02
fortran_omp,16,30000000,linear,9.707000E-03,3.060000E-05,20,-8.861232E+02
openacc,0,30000000,linear,4.639500E-04,9.500000E-07,20,-8.861232E+02
cuda,0,30000000,linear,4.612735e-04,8.115000e-07,20,-8.861232e+02
fortran_omp,1,30000000,seos,2.122300E-02,5.210000E-05,20,-1.053170E+03
fortran_omp,16,30000000,seos,1.241995E-02,5.305000E-05,20,-1.053170E+03
openacc,0,30000000,seos,6.041500E-04,9.500000E-07,20,-1.053170E+03
cuda,0,30000000,seos,6.046705e-04,6.360000e-07,20,-1.053170e+03
fortran_omp,1,30000000,teos10,6.064260E-02,2.490000E-05,20,1.036636E+06
fortran_omp,16,30000000,teos10,1.225900E-02,1.500000E-05,20,1.036636E+06
openacc,0,30000000,teos10,2.403000E-03,5.000000E-07,20,1.036636E+06
cuda,0,30000000,teos10,2.900054e-03,1.456500e-06,20,1.036636e+06
