host,backend,threads,case,scheme,theta,solver,cfl,nx,nz,n_steps,dt,wall_s,wall_mad_s,solver_iters,substeps,l2_eta,l2_u,l2_max,sim_s_per_wall_s
geo85,fortran_serial,1,lock_exchange,fb,0,none,0.5,100,30,50,2.014907e+00,1.225496e+00,7.223850e-04,0,0,nan,nan,nan,8.220782e+01
geo85,fortran_omp,1,lock_exchange,fb,0,none,0.5,100,30,50,2.014907e+00,3.269412e+00,5.109680e-04,0,0,nan,nan,nan,3.081452e+01
geo85,fortran_omp,8,lock_exchange,fb,0,none,0.5,100,30,50,2.014907e+00,4.968868e-01,5.813220e-04,0,0,nan,nan,nan,2.027532e+02
geo85,fortran_omp,32,lock_exchange,fb,0,none,0.5,100,30,50,2.014907e+00,1.894286e-01,3.754930e-04,0,0,nan,nan,nan,5.318383e+02
geo85,fortran_omp,64,lock_exchange,fb,0,none,0.5,100,30,50,2.014907e+00,1.591559e-01,8.946400e-05,0,0,nan,nan,nan,6.329980e+02
geo85,fortran_omp,128,lock_exchange,fb,0,none,0.5,100,30,50,2.014907e+00,2.313012e-01,2.444579e-03,0,0,nan,nan,nan,4.355593e+02
geo85,fortran_omp,192,lock_exchange,fb,0,none,0.5,100,30,50,2.014907e+00,2.911716e-01,1.860472e-03,0,0,nan,nan,nan,3.459999e+02
geo85,fortran_serial,1,lock_exchange,theta0.5,0.5,multigrid,4,100,30,50,1.611926e+01,1.910187e+00,5.533203e-03,2950,0,nan,nan,nan,4.219289e+02
geo85,fortran_omp,1,lock_exchange,theta0.5,0.5,multigrid,4,100,30,50,1.611926e+01,4.582668e+00,2.808820e-04,2950,0,nan,nan,nan,1.758720e+02
geo85,fortran_omp,8,lock_exchange,theta0.5,0.5,multigrid,4,100,30,50,1.611926e+01,7.102412e-01,1.608596e-03,2950,0,nan,nan,nan,1.134774e+03
geo85,fortran_omp,32,lock_exchange,theta0.5,0.5,multigrid,4,100,30,50,1.611926e+01,5.167148e-01,2.651772e-03,2950,0,nan,nan,nan,1.559783e+03
geo85,fortran_omp,64,lock_exchange,theta0.5,0.5,multigrid,4,100,30,50,1.611926e+01,6.597230e-01,1.717800e-03,2950,0,nan,nan,nan,1.221669e+03
geo85,fortran_omp,128,lock_exchange,theta0.5,0.5,multigrid,4,100,30,50,1.611926e+01,1.122176e+00,1.537719e-03,2950,0,nan,nan,nan,7.182146e+02
geo85,fortran_omp,192,lock_exchange,theta0.5,0.5,multigrid,4,100,30,50,1.611926e+01,1.556350e+00,4.899492e-02,2950,0,nan,nan,nan,5.178546e+02
geo85,fortran_serial,1,lock_exchange,theta0.5,0.5,pcg_jacobi,4,100,30,50,1.611926e+01,1.454685e+00,1.146795e-03,5078,0,nan,nan,nan,5.540465e+02
geo85,fortran_omp,1,lock_exchange,theta0.5,0.5,pcg_jacobi,4,100,30,50,1.611926e+01,3.900527e+00,2.981070e-04,5078,0,nan,nan,nan,2.066293e+02
geo85,fortran_omp,8,lock_exchange,theta0.5,0.5,pcg_jacobi,4,100,30,50,1.611926e+01,6.211378e-01,7.886740e-04,5078,0,nan,nan,nan,1.297559e+03
geo85,fortran_omp,32,lock_exchange,theta0.5,0.5,pcg_jacobi,4,100,30,50,1.611926e+01,4.452471e-01,1.467394e-03,5078,0,nan,nan,nan,1.810148e+03
geo85,fortran_omp,64,lock_exchange,theta0.5,0.5,pcg_jacobi,4,100,30,50,1.611926e+01,6.001501e-01,3.780495e-03,5078,0,nan,nan,nan,1.342936e+03
geo85,fortran_omp,128,lock_exchange,theta0.5,0.5,pcg_jacobi,4,100,30,50,1.611926e+01,1.086798e+00,1.363056e-02,5078,0,nan,nan,nan,7.415940e+02
geo85,fortran_omp,192,lock_exchange,theta0.5,0.5,pcg_jacobi,4,100,30,50,1.611926e+01,1.573304e+00,1.355239e-02,5078,0,nan,nan,nan,5.122742e+02
geo85,fortran_serial,1,lock_exchange,split,0,none,4,100,30,50,1.611926e+01,1.332258e+00,4.231876e-03,0,250,nan,nan,nan,6.049602e+02
geo85,fortran_omp,1,lock_exchange,split,0,none,4,100,30,50,1.611926e+01,3.277969e+00,9.767700e-05,0,250,nan,nan,nan,2.458727e+02
geo85,fortran_omp,8,lock_exchange,split,0,none,4,100,30,50,1.611926e+01,5.085655e-01,3.051480e-04,0,250,nan,nan,nan,1.584777e+03
geo85,fortran_omp,32,lock_exchange,split,0,none,4,100,30,50,1.611926e+01,2.028136e-01,2.259590e-04,0,250,nan,nan,nan,3.973910e+03
geo85,fortran_omp,64,lock_exchange,split,0,none,4,100,30,50,1.611926e+01,1.906859e-01,7.031060e-04,0,250,nan,nan,nan,4.226653e+03
geo85,fortran_omp,128,lock_exchange,split,0,none,4,100,30,50,1.611926e+01,2.522200e-01,3.770755e-03,0,250,nan,nan,nan,3.195476e+03
geo85,fortran_omp,192,lock_exchange,split,0,none,4,100,30,50,1.611926e+01,2.491879e-01,1.189755e-02,0,250,nan,nan,nan,3.234359e+03
