host,gpu,devices,n_devices,halo,case,physics,scheme,nx,nz,n_steps,wall_s,wall_mad_s,n_repeat,device_bytes,diverged,max_abs_diff_vs_1dev,status
gpgpu,NVIDIA GeForce RTX 5090,1,1,16,lock_exchange,DC,fb,400,30,50,0.539604671,0.000264380000000064,5,2011168768,False,0.000e+00,ok
gpgpu,NVIDIA GeForce RTX 5090,1+0,2,16,lock_exchange,DC,fb,400,30,50,0.334066843,9.966000000027897e-06,5,2193620992,False,0.000e+00,ok
gpgpu,NVIDIA GeForce RTX 5090,1+0+2+3,4,16,lock_exchange,DC,fb,400,30,50,0.292312796,8.744199999999314e-05,5,2768240640,False,0.000e+00,ok
gpgpu,NVIDIA GeForce RTX 5090,1,1,16,lock_exchange,DC,fb,1000,30,50,3.39835146,8.960599999996433e-05,5,11806965760,False,0.000e+00,ok
gpgpu,NVIDIA GeForce RTX 5090,1+0,2,16,lock_exchange,DC,fb,1000,30,50,1.83642717,0.0004871969999999948,5,12238979072,False,0.000e+00,ok
gpgpu,NVIDIA GeForce RTX 5090,1+0+2+3,4,16,lock_exchange,DC,fb,1000,30,50,1.186103051,0.00014069399999994125,5,13346275328,False,0.000e+00,ok
gpgpu,NVIDIA GeForce RTX 5090,1,1,16,lock_exchange,DC,fb,2000,30,50,nan,nan,5,nan,nan,nan,OOM
gpgpu,NVIDIA GeForce RTX 5090,1+0,2,16,lock_exchange,DC,fb,2000,30,50,7.059382084,0.00035970400000007174,5,47034925056,False,0.000e+00,ok
gpgpu,NVIDIA GeForce RTX 5090,1+0+2+3,4,16,lock_exchange,DC,fb,2000,30,50,4.124317947,0.0004501809999997164,5,48670703616,False,0.000e+00,ok
gpgpu,NVIDIA GeForce RTX 5090,1,1,16,lock_exchange_v06,TKE,fb,400,30,50,1.876899427,0.00019137900000010255,5,2011168768,False,0.000e+00,ok
gpgpu,NVIDIA GeForce RTX 5090,1+0,2,16,lock_exchange_v06,TKE,fb,400,30,50,1.149461773,4.084199999998539e-05,5,2193620992,False,0.000e+00,ok
gpgpu,NVIDIA GeForce RTX 5090,1+0+2+3,4,16,lock_exchange_v06,TKE,fb,400,30,50,0.927364791,0.00010858499999999438,5,2768240640,False,0.000e+00,ok
gpgpu,NVIDIA GeForce RTX 5090,1,1,16,lock_exchange_v06,TKE,fb,1000,30,50,10.163569065,0.0008242579999997446,5,11806965760,False,0.000e+00,ok
gpgpu,NVIDIA GeForce RTX 5090,1+0,2,16,lock_exchange_v06,TKE,fb,1000,30,50,5.443056375,0.0002865849999995618,5,12238979072,False,0.000e+00,ok
gpgpu,NVIDIA GeForce RTX 5090,1+0+2+3,4,16,lock_exchange_v06,TKE,fb,1000,30,50,3.489639698,0.000379673999999941,5,13346275328,False,0.000e+00,ok
gpgpu,NVIDIA GeForce RTX 5090,1,1,16,lock_exchange_v06,TKE,fb,2000,30,50,nan,nan,5,nan,nan,nan,OOM
gpgpu,NVIDIA GeForce RTX 5090,1+0,2,16,lock_exchange_v06,TKE,fb,2000,30,50,20.221172918,0.00035233399999867743,5,47034925056,False,0.000e+00,ok
gpgpu,NVIDIA GeForce RTX 5090,1+0+2+3,4,16,lock_exchange_v06,TKE,fb,2000,30,50,11.048269789,0.005785797999999787,5,48670703616,False,0.000e+00,ok
gpgpu,NVIDIA GeForce RTX 5090,single:1,1,0,lock_exchange,DC,fb,400,30,50,0.47881118,0.0001189100000000276,5,1904214016,False,0.000e+00,ok
gpgpu,NVIDIA GeForce RTX 5090,single:1,1,0,lock_exchange,DC,fb,1000,30,50,3.28487859,0.00014854500000005544,5,11421089792,False,0.000e+00,ok
gpgpu,NVIDIA GeForce RTX 5090,single:1,1,0,lock_exchange,DC,fb,2000,30,50,nan,nan,5,nan,nan,nan,OOM
gpgpu,NVIDIA GeForce RTX 5090,single:1,1,0,lock_exchange_v06,TKE,fb,400,30,50,1.593414214,3.8929000000020864e-05,5,1904214016,False,0.000e+00,ok
gpgpu,NVIDIA GeForce RTX 5090,single:1,1,0,lock_exchange_v06,TKE,fb,1000,30,50,9.795761583,9.999200000088138e-05,5,11421089792,False,0.000e+00,ok
gpgpu,NVIDIA GeForce RTX 5090,single:1,1,0,lock_exchange_v06,TKE,fb,2000,30,50,nan,nan,5,nan,nan,nan,OOM
