gpu,cc,nx,nz,itemsize,static_every_step,columns,bytes_in,bytes_out,case,median_s,mad_s,min_s,n_repeat,gbytes_per_s
NVIDIA GeForce RTX 5090,12.0,100,30,8,0,10000,14640000,7440000,B_dev_to_host_roundtrip_pinned,4.057599902e-04,3.775984049e-06,4.009599984e-04,5,54.416405
NVIDIA GeForce RTX 5090,12.0,100,30,8,0,10000,14640000,7440000,B_dev_to_host_roundtrip_pageable,8.130239844e-04,1.523196697e-05,7.977920175e-04,5,27.157870
NVIDIA GeForce RTX 5090,12.0,100,30,8,0,10000,14640000,7440000,C_host_to_dev_roundtrip_pinned,4.004479945e-04,4.799962044e-07,3.988800049e-04,5,55.138246
NVIDIA GeForce RTX 5090,12.0,100,30,8,0,10000,14640000,7440000,C_host_to_dev_roundtrip_pageable,7.236800194e-04,1.872003078e-05,7.049599886e-04,5,30.510722
NVIDIA GeForce RTX 5090,12.0,100,30,8,0,10000,14640000,7440000,D_device_to_device,1.641600020e-05,3.200024366e-08,1.583999954e-05,5,1345.029223
NVIDIA GeForce RTX 5090,12.0,100,30,8,0,10000,14640000,7440000,E_two_stream_d2h_pinned,2.666560113e-04,3.199875355e-07,2.659200132e-04,5,54.902194
NVIDIA GeForce RTX 5090,12.0,400,30,8,0,160000,234240000,119040000,B_dev_to_host_roundtrip_pinned,6.246687889e-03,1.282691956e-07,6.245855808e-03,5,56.554771
NVIDIA GeForce RTX 5090,12.0,400,30,8,0,160000,234240000,119040000,B_dev_to_host_roundtrip_pageable,1.339209557e-02,2.284812927e-05,1.333961582e-02,5,26.379740
NVIDIA GeForce RTX 5090,12.0,400,30,8,0,160000,234240000,119040000,C_host_to_dev_roundtrip_pinned,6.228479862e-03,5.760192871e-07,6.227071762e-03,5,56.720100
NVIDIA GeForce RTX 5090,12.0,400,30,8,0,160000,234240000,119040000,C_host_to_dev_roundtrip_pageable,1.320271969e-02,1.023960114e-05,1.319248009e-02,5,26.758123
NVIDIA GeForce RTX 5090,12.0,400,30,8,0,160000,234240000,119040000,D_device_to_device,4.641920030e-04,3.199875355e-07,4.625279903e-04,5,761.064382
NVIDIA GeForce RTX 5090,12.0,400,30,8,0,160000,234240000,119040000,E_two_stream_d2h_pinned,4.153183937e-03,5.121231079e-07,4.152448177e-03,5,56.400103
NVIDIA GeForce RTX 5090,12.0,1000,30,8,0,1000000,1464000000,744000000,B_dev_to_host_roundtrip_pinned,3.896979141e-02,9.613037109e-07,3.896598434e-02,5,56.659272
NVIDIA GeForce RTX 5090,12.0,1000,30,8,0,1000000,1464000000,744000000,B_dev_to_host_roundtrip_pageable,8.330976105e-02,5.324554443e-05,8.325651550e-02,5,26.503497
NVIDIA GeForce RTX 5090,12.0,1000,30,8,0,1000000,1464000000,744000000,C_host_to_dev_roundtrip_pinned,3.885203171e-02,1.216888428e-06,3.885027313e-02,5,56.831005
NVIDIA GeForce RTX 5090,12.0,1000,30,8,0,1000000,1464000000,744000000,C_host_to_dev_roundtrip_pageable,8.294204712e-02,2.569580078e-04,8.268508911e-02,5,26.620997
NVIDIA GeForce RTX 5090,12.0,1000,30,8,0,1000000,1464000000,744000000,D_device_to_device,2.892575979e-03,3.839969635e-06,2.888736010e-03,5,763.333449
NVIDIA GeForce RTX 5090,12.0,1000,30,8,0,1000000,1464000000,744000000,E_two_stream_d2h_pinned,2.591740799e-02,1.056671143e-06,2.591551971e-02,5,56.487130
NVIDIA GeForce RTX 5090,12.0,100,30,4,0,10000,7320000,3720000,B_dev_to_host_roundtrip_pinned,2.197439969e-04,5.120038986e-07,2.192319930e-04,5,50.240280
NVIDIA GeForce RTX 5090,12.0,100,30,4,0,10000,7320000,3720000,B_dev_to_host_roundtrip_pageable,4.091199934e-04,1.312017441e-06,4.067839980e-04,5,26.984748
NVIDIA GeForce RTX 5090,12.0,100,30,4,0,10000,7320000,3720000,C_host_to_dev_roundtrip_pinned,2.051520050e-04,7.040053606e-07,2.041919976e-04,5,53.813756
NVIDIA GeForce RTX 5090,12.0,100,30,4,0,10000,7320000,3720000,C_host_to_dev_roundtrip_pageable,3.757439852e-04,3.999978304e-06,3.707840145e-04,5,29.381708
NVIDIA GeForce RTX 5090,12.0,100,30,4,0,10000,7320000,3720000,D_device_to_device,1.235199999e-05,0.000000000e+00,1.222399995e-05,5,893.782384
NVIDIA GeForce RTX 5090,12.0,100,30,4,0,10000,7320000,3720000,E_two_stream_d2h_pinned,1.368959993e-04,6.400048733e-08,1.368319988e-04,5,53.471249
NVIDIA GeForce RTX 5090,12.0,400,30,4,0,160000,117120000,59520000,B_dev_to_host_roundtrip_pinned,3.129600048e-03,1.088142395e-06,3.128511906e-03,5,56.441717
NVIDIA GeForce RTX 5090,12.0,400,30,4,0,160000,117120000,59520000,B_dev_to_host_roundtrip_pageable,6.667039871e-03,2.060794830e-05,6.622687817e-03,5,26.494517
NVIDIA GeForce RTX 5090,12.0,400,30,4,0,160000,117120000,59520000,C_host_to_dev_roundtrip_pinned,3.120192051e-03,3.199577332e-07,3.119488001e-03,5,56.611900
NVIDIA GeForce RTX 5090,12.0,400,30,4,0,160000,117120000,59520000,C_host_to_dev_roundtrip_pageable,6.802015781e-03,1.155233383e-05,6.766592026e-03,5,25.968772
NVIDIA GeForce RTX 5090,12.0,400,30,4,0,160000,117120000,59520000,D_device_to_device,2.310719937e-04,4.799962044e-07,2.305919975e-04,5,764.437079
NVIDIA GeForce RTX 5090,12.0,400,30,4,0,160000,117120000,59520000,E_two_stream_d2h_pinned,2.080575943e-03,1.024007797e-06,2.079551935e-03,5,56.292105
NVIDIA GeForce RTX 5090,12.0,1000,30,4,0,1000000,732000000,372000000,B_dev_to_host_roundtrip_pinned,1.949238396e-02,7.038116455e-07,1.948998451e-02,5,56.637505
NVIDIA GeForce RTX 5090,12.0,1000,30,4,0,1000000,732000000,372000000,B_dev_to_host_roundtrip_pageable,4.267747116e-02,1.028480530e-04,4.257462311e-02,5,25.868449
NVIDIA GeForce RTX 5090,12.0,1000,30,4,0,1000000,732000000,372000000,C_host_to_dev_roundtrip_pinned,1.943164825e-02,9.918212891e-07,1.943065643e-02,5,56.814532
NVIDIA GeForce RTX 5090,12.0,1000,30,4,0,1000000,732000000,372000000,C_host_to_dev_roundtrip_pageable,4.169465637e-02,1.325454712e-04,4.154505539e-02,5,26.478213
NVIDIA GeForce RTX 5090,12.0,1000,30,4,0,1000000,732000000,372000000,D_device_to_device,1.451135993e-03,2.559423447e-07,1.448223948e-03,5,760.783280
NVIDIA GeForce RTX 5090,12.0,1000,30,4,0,1000000,732000000,372000000,E_two_stream_d2h_pinned,1.297999954e-02,1.183509827e-06,1.297753620e-02,5,56.394455
