backend,threads,nx,topo,r_std,rx0,cfl,solver,iterations,wall_s,wall_mad_s,wall_min_s,n_repeat
fortran_omp,1,512,seamount0.10,0.112374,0.027131,128,pcg_jacobi,1209,3.4195307279005647,0.03604834899306297,3.3834823789075017,5
fortran_omp,2,512,seamount0.10,0.112374,0.027131,128,pcg_jacobi,1209,1.7263414449989796,0.00019985996186733246,1.7258760137483478,5
fortran_omp,4,512,seamount0.10,0.112374,0.027131,128,pcg_jacobi,1209,0.8644652310758829,0.0006934842094779015,0.8635744489729404,5
fortran_omp,8,512,seamount0.10,0.112374,0.027131,128,pcg_jacobi,1209,0.43605736549943686,6.954558193683624e-05,0.4359350614249706,5
fortran_omp,16,512,seamount0.10,0.112374,0.027131,128,pcg_jacobi,1209,0.2543327370658517,0.0008456530049443245,0.2532646907493472,5
fortran_omp,32,512,seamount0.10,0.112374,0.027131,128,pcg_jacobi,1209,0.17029547318816185,0.0003246990963816643,0.16997077409178019,5
fortran_omp,64,512,seamount0.10,0.112374,0.027131,128,pcg_jacobi,1209,0.1605267459526658,0.00017060711979866028,0.160312382504344,5
fortran_omp,128,512,seamount0.10,0.112374,0.027131,128,pcg_jacobi,1209,0.21761741396039724,0.0005233781412243843,0.21709403581917286,5
fortran_omp,192,512,seamount0.10,0.112374,0.027131,128,pcg_jacobi,1209,0.31609855126589537,0.0023348014801740646,0.3119416842237115,5
fortran_omp,1,512,seamount0.10,0.112374,0.027131,128,pcg_rbgs,604,3.233983751386404,0.00030537042766809464,3.233194182626903,5
fortran_omp,2,512,seamount0.10,0.112374,0.027131,128,pcg_rbgs,604,1.6201521251350641,0.0001981891691684723,1.6191293448209763,5
fortran_omp,4,512,seamount0.10,0.112374,0.027131,128,pcg_rbgs,604,0.8309502620249987,0.0003251107409596443,0.830625151284039,5
fortran_omp,8,512,seamount0.10,0.112374,0.027131,128,pcg_rbgs,604,0.41870168689638376,0.0001237858086824417,0.418558930978179,5
fortran_omp,16,512,seamount0.10,0.112374,0.027131,128,pcg_rbgs,604,0.23411661013960838,8.790288120508194e-05,0.23322157189249992,5
fortran_omp,32,512,seamount0.10,0.112374,0.027131,128,pcg_rbgs,604,0.14692451525479555,7.679499685764313e-05,0.14676751848310232,5
fortran_omp,64,512,seamount0.10,0.112374,0.027131,128,pcg_rbgs,604,0.11903525236994028,0.0001240260899066925,0.11891122628003359,5
fortran_omp,128,512,seamount0.10,0.112374,0.027131,128,pcg_rbgs,604,0.14423511363565922,0.0002302965149283409,0.1437040939927101,5
fortran_omp,192,512,seamount0.10,0.112374,0.027131,128,pcg_rbgs,604,0.19454324711114168,0.002722891978919506,0.19182035513222218,5
fortran_omp,1,512,seamount0.10,0.112374,0.027131,128,multigrid,11,0.12109114974737167,2.5197863578796387e-05,0.12106595188379288,5
fortran_omp,2,512,seamount0.10,0.112374,0.027131,128,multigrid,11,0.06091313902288675,1.0816380381584167e-05,0.06086754985153675,5
fortran_omp,4,512,seamount0.10,0.112374,0.027131,128,multigrid,11,0.030711152590811253,8.823350071907043e-06,0.03069583047181368,5
fortran_omp,8,512,seamount0.10,0.112374,0.027131,128,multigrid,11,0.015925378538668156,8.326023817062378e-07,0.01588913518935442,5
fortran_omp,16,512,seamount0.10,0.112374,0.027131,128,multigrid,11,0.00976640172302723,1.1947937309741974e-05,0.009722374379634857,5
fortran_omp,32,512,seamount0.10,0.112374,0.027131,128,multigrid,11,0.006733943708240986,3.148708492517471e-05,0.006702456623315811,5
fortran_omp,64,512,seamount0.10,0.112374,0.027131,128,multigrid,11,0.0065727513283491135,0.00028290506452322006,0.006070605479180813,5
fortran_omp,128,512,seamount0.10,0.112374,0.027131,128,multigrid,11,0.008007582277059555,4.409626126289368e-05,0.00787802692502737,5
fortran_omp,192,512,seamount0.10,0.112374,0.027131,128,multigrid,11,0.011673505418002605,0.0001457100734114647,0.01152779534459114,5
fortran_omp,1,1024,rough0.10,0.100000,0.023585,32,pcg_jacobi,324,3.6641448521986604,0.0001835860311985016,3.663961266167462,5
fortran_omp,2,1024,rough0.10,0.100000,0.023585,32,pcg_jacobi,324,1.8389059035107493,0.0007659513503313065,1.83681776560843,5
fortran_omp,4,1024,rough0.10,0.100000,0.023585,32,pcg_jacobi,324,0.9361843708902597,0.0008403034880757332,0.9346656687557697,5
fortran_omp,8,1024,rough0.10,0.100000,0.023585,32,pcg_jacobi,324,0.5409816671162844,0.00023082736879587173,0.5407508397474885,5
fortran_omp,16,1024,rough0.10,0.100000,0.023585,32,pcg_jacobi,324,0.26129261031746864,0.00041970144957304,0.26053913682699203,5
fortran_omp,32,1024,rough0.10,0.100000,0.023585,32,pcg_jacobi,324,0.14746107999235392,0.00015829689800739288,0.14704961236566305,5
fortran_omp,64,1024,rough0.10,0.100000,0.023585,32,pcg_jacobi,324,0.10015192162245512,0.0004580887034535408,0.09969383291900158,5
fortran_omp,128,1024,rough0.10,0.100000,0.023585,32,pcg_jacobi,324,0.08838486764580011,0.00038771145045757294,0.08780611865222454,5
fortran_omp,192,1024,rough0.10,0.100000,0.023585,32,pcg_jacobi,324,0.10492060799151659,9.253900498151779e-05,0.10482806898653507,5
fortran_omp,1,1024,rough0.10,0.100000,0.023585,32,pcg_rbgs,162,3.4668336706236005,0.0002100253477692604,3.466202061623335,5
fortran_omp,2,1024,rough0.10,0.100000,0.023585,32,pcg_rbgs,162,1.8400328354910016,0.0014554178342223167,1.8213300593197346,5
fortran_omp,4,1024,rough0.10,0.100000,0.023585,32,pcg_rbgs,162,0.9530210830271244,0.0005458416417241096,0.9513852158561349,5
fortran_omp,8,1024,rough0.10,0.100000,0.023585,32,pcg_rbgs,162,0.6245354916900396,2.3715198040008545e-05,0.623882251791656,5
fortran_omp,16,1024,rough0.10,0.100000,0.023585,32,pcg_rbgs,162,0.2498272778466344,0.00029925908893346786,0.24950443394482136,5
fortran_omp,32,1024,rough0.10,0.100000,0.023585,32,pcg_rbgs,162,0.13638234790414572,0.0002210717648267746,0.13616127613931894,5
fortran_omp,64,1024,rough0.10,0.100000,0.023585,32,pcg_rbgs,162,0.0863007977604866,0.0004704054445028305,0.08554317243397236,5
fortran_omp,128,1024,rough0.10,0.100000,0.023585,32,pcg_rbgs,162,0.07120952662080526,0.0005736891180276871,0.0705607645213604,5
fortran_omp,192,1024,rough0.10,0.100000,0.023585,32,pcg_rbgs,162,0.07270768098533154,0.00017910823225975037,0.07251766510307789,5
fortran_omp,1,1024,rough0.10,0.100000,0.023585,32,multigrid,10,0.45076495222747326,0.00026284437626600266,0.4498384641483426,5
fortran_omp,2,1024,rough0.10,0.100000,0.023585,32,multigrid,10,0.2362041063606739,0.0005090236663818359,0.23569508269429207,5
fortran_omp,4,1024,rough0.10,0.100000,0.023585,32,multigrid,10,0.12303128466010094,5.510356277227402e-05,0.12297618109732866,5
fortran_omp,8,1024,rough0.10,0.100000,0.023585,32,multigrid,10,0.08047626074403524,0.00010010041296482086,0.0803227424621582,5
fortran_omp,16,1024,rough0.10,0.100000,0.023585,32,multigrid,10,0.034228766337037086,7.337052375078201e-05,0.033681947737932205,5
fortran_omp,32,1024,rough0.10,0.100000,0.023585,32,multigrid,10,0.01949123479425907,1.200847327709198e-05,0.019477824680507183,5
fortran_omp,64,1024,rough0.10,0.100000,0.023585,32,multigrid,10,0.014264121651649475,7.72746279835701e-05,0.014186847023665905,5
fortran_omp,128,1024,rough0.10,0.100000,0.023585,32,multigrid,10,0.01377201545983553,3.183819353580475e-05,0.013740177266299725,5
fortran_omp,192,1024,rough0.10,0.100000,0.023585,32,multigrid,10,0.016104049049317837,0.00020698178559541702,0.015721195377409458,5
fortran_omp,1,512,rough0.10,0.100000,0.025982,32,pcg_jacobi,325,0.9161690762266517,0.0002531008794903755,0.9159159753471613,5
fortran_omp,2,512,rough0.10,0.100000,0.025982,32,pcg_jacobi,325,0.45833154395222664,0.0001699160784482956,0.45809181407094,5
fortran_omp,4,512,rough0.10,0.100000,0.025982,32,pcg_jacobi,325,0.23365538753569126,0.0003951834514737129,0.2329700691625476,5
fortran_omp,8,512,rough0.10,0.100000,0.025982,32,pcg_jacobi,325,0.117680455558002,4.038028419017792e-05,0.11764007527381182,5
fortran_omp,16,512,rough0.10,0.100000,0.025982,32,pcg_jacobi,325,0.06790635548532009,2.3555010557174683e-05,0.06786115746945143,5
fortran_omp,32,512,rough0.10,0.100000,0.025982,32,pcg_jacobi,325,0.046110293827950954,6.905291229486465e-05,0.04603251814842224,5
fortran_omp,64,512,rough0.10,0.100000,0.025982,32,pcg_jacobi,325,0.04158757999539375,0.00013055745512247086,0.04145702254027128,5
fortran_omp,128,512,rough0.10,0.100000,0.025982,32,pcg_jacobi,325,0.057962363585829735,0.00011422112584114075,0.057848142459988594,5
fortran_omp,192,512,rough0.10,0.100000,0.025982,32,pcg_jacobi,325,0.08344463352113962,0.0004001110792160034,0.08291126042604446,5
fortran_omp,1,512,rough0.10,0.100000,0.025982,32,pcg_rbgs,162,0.8732568863779306,0.00025164894759655,0.8727467702701688,5
fortran_omp,2,512,rough0.10,0.100000,0.025982,32,pcg_rbgs,162,0.4379581706598401,8.831266313791275e-05,0.4378698579967022,5
fortran_omp,4,512,rough0.10,0.100000,0.025982,32,pcg_rbgs,162,0.2237535184249282,6.58789649605751e-05,0.22368288319557905,5
fortran_omp,8,512,rough0.10,0.100000,0.025982,32,pcg_rbgs,162,0.11267704796046019,7.360987365245819e-05,0.11254254542291164,5
fortran_omp,16,512,rough0.10,0.100000,0.025982,32,pcg_rbgs,162,0.06261651683598757,2.1472573280334473e-05,0.06257211975753307,5
fortran_omp,32,512,rough0.10,0.100000,0.025982,32,pcg_rbgs,162,0.039666542783379555,7.93086364865303e-05,0.039587234146893024,5
fortran_omp,64,512,rough0.10,0.100000,0.025982,32,pcg_rbgs,162,0.03247327450662851,0.0002256687730550766,0.03216855600476265,5
fortran_omp,128,512,rough0.10,0.100000,0.025982,32,pcg_rbgs,162,0.03854717221111059,4.766043275594711e-05,0.038473350927233696,5
fortran_omp,192,512,rough0.10,0.100000,0.025982,32,pcg_rbgs,162,0.05104416701942682,6.210245192050934e-05,0.05089789815247059,5
fortran_omp,1,512,rough0.10,0.100000,0.025982,32,multigrid,10,0.11096657905727625,9.705312550067902e-06,0.11095687374472618,5
fortran_omp,2,512,rough0.10,0.100000,0.025982,32,multigrid,10,0.05577951390296221,1.1667609214782715e-05,0.05575389601290226,5
fortran_omp,4,512,rough0.10,0.100000,0.025982,32,multigrid,10,0.028188454918563366,2.0891427993774414e-05,0.02816298697143793,5
fortran_omp,8,512,rough0.10,0.100000,0.025982,32,multigrid,10,0.014650366269052029,3.958120942115784e-06,0.014643548056483269,5
fortran_omp,16,512,rough0.10,0.100000,0.025982,32,multigrid,10,0.00892242044210434,2.512708306312561e-05,0.008897293359041214,5
fortran_omp,32,512,rough0.10,0.100000,0.025982,32,multigrid,10,0.006119203753769398,3.528222441673279e-05,0.006083921529352665,5
fortran_omp,64,512,rough0.10,0.100000,0.025982,32,multigrid,10,0.007009690627455711,0.0002913074567914009,0.006519895978271961,5
fortran_omp,128,512,rough0.10,0.100000,0.025982,32,multigrid,10,0.007811123505234718,0.00010723154991865158,0.007451724261045456,5
fortran_omp,192,512,rough0.10,0.100000,0.025982,32,multigrid,10,0.01073978841304779,2.1562911570072174e-05,0.01071135513484478,5
