backend,threads,nx,topo,r_std,rx0,h_ratio,cfl,solver,iterations,wall_s,wall_mad_s,wall_min_s,n_repeat,attempts,residual,l2_vs_ref
fortran_omp,1,128,rough0.10,0.100000,0.054414,1.9665,2,pcg_jacobi,23,3.147100e-03,3.100000e-06,3.136900e-03,9,1,7.604e-11,9.178e-11
fortran_omp,16,128,rough0.10,0.100000,0.054414,1.9665,2,pcg_jacobi,23,6.401000e-04,1.900000e-06,6.370000e-04,9,1,7.604e-11,9.178e-11
fortran_omp,32,128,rough0.10,0.100000,0.054414,1.9665,2,pcg_jacobi,23,6.359000e-04,7.000000e-06,6.289000e-04,9,1,7.604e-11,9.178e-11
fortran_serial,1,128,rough0.10,0.100000,0.054414,1.9665,2,pcg_jacobi,23,5.498000e-04,8.900000e-06,5.401000e-04,9,1,7.604e-11,9.178e-11
openacc,0,128,rough0.10,0.100000,0.054414,1.9665,2,pcg_jacobi,23,2.126900e-03,1.100000e-05,2.106000e-03,9,1,7.604e-11,9.178e-11
cuda,0,128,rough0.10,0.100000,0.054414,1.9665,2,pcg_jacobi,23,1.026814e-03,8.002000e-06,9.950960e-04,9,1,7.604e-11,9.178e-11
fortran_omp,1,128,rough0.10,0.100000,0.054414,1.9665,2,pcg_rbgs,12,3.572000e-03,4.100000e-06,3.566000e-03,9,1,2.210e-11,2.683e-11
fortran_omp,16,128,rough0.10,0.100000,0.054414,1.9665,2,pcg_rbgs,12,5.109000e-04,3.100000e-06,5.050000e-04,9,1,2.210e-11,2.683e-11
fortran_omp,32,128,rough0.10,0.100000,0.054414,1.9665,2,pcg_rbgs,12,5.269000e-04,5.900000e-06,5.200000e-04,9,3,2.210e-11,2.683e-11
fortran_serial,1,128,rough0.10,0.100000,0.054414,1.9665,2,pcg_rbgs,12,1.815100e-03,2.800000e-06,1.809900e-03,9,1,2.210e-11,2.683e-11
openacc,0,128,rough0.10,0.100000,0.054414,1.9665,2,pcg_rbgs,12,2.124100e-03,6.800000e-06,2.115000e-03,9,1,2.210e-11,2.683e-11
cuda,0,128,rough0.10,0.100000,0.054414,1.9665,2,pcg_rbgs,12,7.403600e-04,3.114000e-06,7.330100e-04,9,1,2.210e-11,2.683e-11
fortran_omp,1,128,rough0.10,0.100000,0.054414,1.9665,2,multigrid,5,2.966200e-03,6.200000e-06,2.956800e-03,9,1,3.805e-11,5.462e-11
fortran_omp,16,128,rough0.10,0.100000,0.054414,1.9665,2,multigrid,5,7.029000e-04,3.800000e-06,6.731000e-04,9,1,3.805e-11,5.462e-11
fortran_omp,32,128,rough0.10,0.100000,0.054414,1.9665,2,multigrid,5,6.351000e-04,1.720000e-05,6.179000e-04,9,3,3.805e-11,5.462e-11
fortran_serial,1,128,rough0.10,0.100000,0.054414,1.9665,2,multigrid,5,2.273000e-03,1.500000e-05,2.258000e-03,9,1,3.805e-11,5.462e-11
openacc,0,128,rough0.10,0.100000,0.054414,1.9665,2,multigrid,5,6.294000e-03,3.290000e-05,6.218000e-03,9,1,3.805e-11,5.462e-11
cuda,0,128,rough0.10,0.100000,0.054414,1.9665,2,multigrid,5,1.129379e-03,1.000000e-07,1.128317e-03,9,1,3.805e-11,5.462e-11
fortran_omp,1,128,rough0.10,0.100000,0.054414,1.9665,8,pcg_jacobi,84,1.133210e-02,2.200000e-05,1.130700e-02,9,1,9.537e-11,2.081e-10
fortran_omp,16,128,rough0.10,0.100000,0.054414,1.9665,8,pcg_jacobi,84,2.204900e-03,5.200000e-06,2.189900e-03,9,1,9.537e-11,2.081e-10
fortran_omp,32,128,rough0.10,0.100000,0.054414,1.9665,8,pcg_jacobi,84,2.271200e-03,1.310000e-05,2.249000e-03,9,1,9.537e-11,2.081e-10
fortran_serial,1,128,rough0.10,0.100000,0.054414,1.9665,8,pcg_jacobi,84,2.010800e-03,2.620000e-05,1.977900e-03,9,2,9.537e-11,2.081e-10
openacc,0,128,rough0.10,0.100000,0.054414,1.9665,8,pcg_jacobi,84,7.643000e-03,2.190000e-05,7.614100e-03,9,1,9.537e-11,2.081e-10
cuda,0,128,rough0.10,0.100000,0.054414,1.9665,8,pcg_jacobi,84,3.681732e-03,2.296400e-05,3.653590e-03,9,1,9.537e-11,2.081e-10
fortran_omp,1,128,rough0.10,0.100000,0.054414,1.9665,8,pcg_rbgs,42,1.232100e-02,1.500000e-05,1.230400e-02,9,1,8.786e-11,1.923e-10
fortran_omp,16,128,rough0.10,0.100000,0.054414,1.9665,8,pcg_rbgs,42,2.241200e-03,1.190000e-05,2.003000e-03,9,1,8.786e-11,1.923e-10
fortran_omp,32,128,rough0.10,0.100000,0.054414,1.9665,8,pcg_rbgs,42,1.845200e-03,4.320000e-05,1.802000e-03,9,2,8.786e-11,1.923e-10
fortran_serial,1,128,rough0.10,0.100000,0.054414,1.9665,8,pcg_rbgs,42,5.967800e-03,9.400000e-06,5.930000e-03,9,1,8.786e-11,1.923e-10
openacc,0,128,rough0.10,0.100000,0.054414,1.9665,8,pcg_rbgs,42,7.312000e-03,1.190000e-05,7.257200e-03,9,1,8.786e-11,1.923e-10
cuda,0,128,rough0.10,0.100000,0.054414,1.9665,8,pcg_rbgs,42,2.531131e-03,9.004000e-06,2.517931e-03,9,1,8.786e-11,1.923e-10
fortran_omp,1,128,rough0.10,0.100000,0.054414,1.9665,8,multigrid,9,5.339800e-03,3.200000e-06,5.311900e-03,9,1,5.922e-11,1.181e-10
fortran_omp,16,128,rough0.10,0.100000,0.054414,1.9665,8,multigrid,9,1.225900e-03,1.790000e-05,1.125100e-03,9,1,5.922e-11,1.181e-10
fortran_omp,32,128,rough0.10,0.100000,0.054414,1.9665,8,multigrid,9,1.153000e-03,2.600000e-05,1.109800e-03,9,4,5.922e-11,1.181e-10
fortran_serial,1,128,rough0.10,0.100000,0.054414,1.9665,8,multigrid,9,4.102000e-03,2.100000e-05,4.081000e-03,9,1,5.922e-11,1.181e-10
openacc,0,128,rough0.10,0.100000,0.054414,1.9665,8,multigrid,9,1.099300e-02,2.500000e-05,1.087500e-02,9,1,5.922e-11,1.181e-10
cuda,0,128,rough0.10,0.100000,0.054414,1.9665,8,multigrid,9,2.017704e-03,5.410000e-07,2.016291e-03,9,1,5.922e-11,1.181e-10
fortran_omp,1,128,rough0.10,0.100000,0.054414,1.9665,32,pcg_jacobi,296,3.998490e-02,4.480000e-05,3.992890e-02,9,1,8.841e-11,3.140e-10
fortran_omp,16,128,rough0.10,0.100000,0.054414,1.9665,32,pcg_jacobi,296,7.840100e-03,2.490000e-05,7.814200e-03,9,1,8.841e-11,3.140e-10
fortran_omp,32,128,rough0.10,0.100000,0.054414,1.9665,32,pcg_jacobi,296,8.250900e-03,7.890000e-05,8.172000e-03,9,3,8.841e-11,3.140e-10
fortran_serial,1,128,rough0.10,0.100000,0.054414,1.9665,32,pcg_jacobi,296,7.366000e-03,1.111000e-04,7.254900e-03,9,1,8.841e-11,3.140e-10
openacc,0,128,rough0.10,0.100000,0.054414,1.9665,32,pcg_jacobi,296,2.678790e-02,7.310000e-05,2.568010e-02,9,1,8.841e-11,3.140e-10
cuda,0,128,rough0.10,0.100000,0.054414,1.9665,32,pcg_jacobi,296,1.284501e-02,2.361600e-05,1.281015e-02,9,1,8.841e-11,3.140e-10
fortran_omp,1,128,rough0.10,0.100000,0.054414,1.9665,32,pcg_rbgs,148,4.345390e-02,1.690000e-05,4.334900e-02,9,1,8.503e-11,3.082e-10
fortran_omp,16,128,rough0.10,0.100000,0.054414,1.9665,32,pcg_rbgs,148,7.708100e-03,6.080000e-05,6.663000e-03,9,1,8.503e-11,3.082e-10
fortran_omp,32,128,rough0.10,0.100000,0.054414,1.9665,32,pcg_rbgs,148,6.464000e-03,1.060000e-04,6.358000e-03,9,2,8.503e-11,3.082e-10
fortran_serial,1,128,rough0.10,0.100000,0.054414,1.9665,32,pcg_rbgs,148,2.122090e-02,1.190000e-05,2.105210e-02,9,1,8.503e-11,3.082e-10
openacc,0,128,rough0.10,0.100000,0.054414,1.9665,32,pcg_rbgs,148,2.557610e-02,1.220000e-05,2.479490e-02,9,1,8.503e-11,3.082e-10
cuda,0,128,rough0.10,0.100000,0.054414,1.9665,32,pcg_rbgs,148,9.403361e-03,1.945000e-05,8.864015e-03,9,1,8.503e-11,3.082e-10
fortran_omp,1,128,rough0.10,0.100000,0.054414,1.9665,32,multigrid,10,9.476000e-03,6.590000e-05,9.302900e-03,9,1,7.639e-11,1.450e-10
fortran_omp,16,128,rough0.10,0.100000,0.054414,1.9665,32,multigrid,10,1.225000e-03,8.100000e-06,1.210900e-03,9,2,7.639e-11,1.450e-10
fortran_omp,32,128,rough0.10,0.100000,0.054414,1.9665,32,multigrid,10,2.681000e-03,4.010000e-05,2.639000e-03,9,1,7.639e-11,1.450e-10
fortran_serial,1,128,rough0.10,0.100000,0.054414,1.9665,32,multigrid,10,4.838000e-03,4.000000e-06,4.640100e-03,9,1,7.639e-11,1.450e-10
openacc,0,128,rough0.10,0.100000,0.054414,1.9665,32,multigrid,10,1.215600e-02,3.290000e-05,1.205420e-02,9,1,7.639e-11,1.450e-10
cuda,0,128,rough0.10,0.100000,0.054414,1.9665,32,multigrid,10,2.240401e-03,1.121000e-06,2.239068e-03,9,1,7.639e-11,1.450e-10
fortran_omp,1,128,rough0.10,0.100000,0.054414,1.9665,128,pcg_jacobi,533,7.223100e-02,2.910000e-05,7.206300e-02,9,1,8.740e-11,1.999e-10
fortran_omp,16,128,rough0.10,0.100000,0.054414,1.9665,128,pcg_jacobi,533,1.413110e-02,3.690000e-05,1.407390e-02,9,1,8.740e-11,1.999e-10
fortran_omp,32,128,rough0.10,0.100000,0.054414,1.9665,128,pcg_jacobi,533,1.771100e-02,3.126900e-03,1.448010e-02,9,4,8.740e-11,1.999e-10
fortran_serial,1,128,rough0.10,0.100000,0.054414,1.9665,128,pcg_jacobi,533,1.302700e-02,4.610000e-05,1.297190e-02,9,1,8.740e-11,1.999e-10
openacc,0,128,rough0.10,0.100000,0.054414,1.9665,128,pcg_jacobi,533,4.822300e-02,8.200000e-05,4.707500e-02,9,1,8.740e-11,1.999e-10
cuda,0,128,rough0.10,0.100000,0.054414,1.9665,128,pcg_jacobi,533,2.313231e-02,3.968000e-05,2.260564e-02,9,1,8.740e-11,1.999e-10
fortran_omp,1,128,rough0.10,0.100000,0.054414,1.9665,128,pcg_rbgs,266,7.801390e-02,4.790000e-05,7.793120e-02,9,1,9.722e-11,2.071e-10
fortran_omp,16,128,rough0.10,0.100000,0.054414,1.9665,128,pcg_rbgs,266,1.124790e-02,5.610000e-05,1.117800e-02,9,4,9.722e-11,2.071e-10
fortran_omp,32,128,rough0.10,0.100000,0.054414,1.9665,128,pcg_rbgs,266,1.163790e-02,2.949000e-04,1.134300e-02,9,4,9.722e-11,2.071e-10
fortran_serial,1,128,rough0.10,0.100000,0.054414,1.9665,128,pcg_rbgs,266,3.813010e-02,8.020000e-05,3.802990e-02,9,1,9.722e-11,2.071e-10
openacc,0,128,rough0.10,0.100000,0.054414,1.9665,128,pcg_rbgs,266,4.604010e-02,1.059000e-04,4.544400e-02,9,1,9.722e-11,2.071e-10
cuda,0,128,rough0.10,0.100000,0.054414,1.9665,128,pcg_rbgs,266,1.574861e-02,2.931400e-05,1.569867e-02,9,1,9.722e-11,2.071e-10
fortran_omp,1,128,rough0.10,0.100000,0.054414,1.9665,128,multigrid,40,2.354000e-02,4.000000e-06,2.352000e-02,9,1,7.568e-11,1.570e-08
fortran_omp,16,128,rough0.10,0.100000,0.054414,1.9665,128,multigrid,40,5.392100e-03,3.610000e-05,5.321900e-03,9,1,7.568e-11,1.570e-08
fortran_omp,32,128,rough0.10,0.100000,0.054414,1.9665,128,multigrid,40,5.124000e-03,6.490000e-05,4.992000e-03,9,1,7.568e-11,1.570e-08
fortran_serial,1,128,rough0.10,0.100000,0.054414,1.9665,128,multigrid,40,1.840610e-02,2.210000e-05,1.827890e-02,9,1,7.568e-11,1.570e-08
openacc,0,128,rough0.10,0.100000,0.054414,1.9665,128,multigrid,40,4.883790e-02,2.062000e-04,4.821680e-02,9,1,7.568e-11,1.570e-08
cuda,0,128,rough0.10,0.100000,0.054414,1.9665,128,multigrid,40,8.906449e-03,4.600000e-07,8.902193e-03,9,1,7.568e-11,1.570e-08
fortran_omp,1,256,rough0.10,0.100000,0.039471,1.8776,2,pcg_jacobi,23,1.263380e-02,6.200000e-06,1.262710e-02,9,1,7.656e-11,9.313e-11
fortran_omp,16,256,rough0.10,0.100000,0.039471,1.8776,2,pcg_jacobi,23,1.430000e-03,7.200000e-06,1.369000e-03,9,1,7.656e-11,9.313e-11
fortran_omp,32,256,rough0.10,0.100000,0.039471,1.8776,2,pcg_jacobi,23,1.590000e-03,1.090000e-05,1.530000e-03,9,1,7.656e-11,9.313e-11
fortran_serial,1,256,rough0.10,0.100000,0.039471,1.8776,2,pcg_jacobi,23,2.536000e-03,6.000000e-06,2.272800e-03,9,1,7.656e-11,9.313e-11
openacc,0,256,rough0.10,0.100000,0.039471,1.8776,2,pcg_jacobi,23,2.211100e-03,9.800000e-06,2.193000e-03,9,1,7.656e-11,9.313e-11
cuda,0,256,rough0.10,0.100000,0.039471,1.8776,2,pcg_jacobi,23,1.090420e-03,1.939900e-05,1.003178e-03,9,1,7.656e-11,9.313e-11
fortran_omp,1,256,rough0.10,0.100000,0.039471,1.8776,2,pcg_rbgs,12,1.430390e-02,2.290000e-05,1.428100e-02,9,1,2.199e-11,2.687e-11
fortran_omp,16,256,rough0.10,0.100000,0.039471,1.8776,2,pcg_rbgs,12,1.492000e-03,2.649000e-04,1.222900e-03,9,2,2.199e-11,2.687e-11
fortran_omp,32,256,rough0.10,0.100000,0.039471,1.8776,2,pcg_rbgs,12,1.139800e-03,9.000000e-06,1.130800e-03,9,1,2.199e-11,2.687e-11
fortran_serial,1,256,rough0.10,0.100000,0.039471,1.8776,2,pcg_rbgs,12,7.096000e-03,4.380000e-05,7.028800e-03,9,1,2.199e-11,2.687e-11
openacc,0,256,rough0.10,0.100000,0.039471,1.8776,2,pcg_rbgs,12,2.211100e-03,5.000000e-06,2.189200e-03,9,1,2.199e-11,2.687e-11
cuda,0,256,rough0.10,0.100000,0.039471,1.8776,2,pcg_rbgs,12,7.792590e-04,4.126000e-06,7.751330e-04,9,1,2.199e-11,2.687e-11
fortran_omp,1,256,rough0.10,0.100000,0.039471,1.8776,2,multigrid,5,1.181290e-02,3.790000e-05,1.177500e-02,9,1,2.468e-11,3.449e-11
fortran_omp,16,256,rough0.10,0.100000,0.039471,1.8776,2,multigrid,5,1.835100e-03,1.480000e-05,1.713000e-03,9,1,2.468e-11,3.449e-11
fortran_omp,32,256,rough0.10,0.100000,0.039471,1.8776,2,multigrid,5,2.164100e-03,1.580000e-05,2.011100e-03,9,1,2.468e-11,3.449e-11
fortran_serial,1,256,rough0.10,0.100000,0.039471,1.8776,2,multigrid,5,9.171000e-03,1.690000e-05,9.135900e-03,9,1,2.468e-11,3.449e-11
openacc,0,256,rough0.10,0.100000,0.039471,1.8776,2,multigrid,5,8.195100e-03,5.580000e-05,7.948900e-03,9,1,2.468e-11,3.449e-11
cuda,0,256,rough0.10,0.100000,0.039471,1.8776,2,multigrid,5,1.375131e-03,2.073000e-06,1.372037e-03,9,1,2.468e-11,3.449e-11
fortran_omp,1,256,rough0.10,0.100000,0.039471,1.8776,8,pcg_jacobi,84,4.600100e-02,2.510000e-05,4.592510e-02,9,1,9.413e-11,2.253e-10
fortran_omp,16,256,rough0.10,0.100000,0.039471,1.8776,8,pcg_jacobi,84,5.320100e-03,3.980000e-05,4.776000e-03,9,2,9.413e-11,2.253e-10
fortran_omp,32,256,rough0.10,0.100000,0.039471,1.8776,8,pcg_jacobi,84,1.008820e-02,2.866000e-03,6.269900e-03,9,4,9.413e-11,2.253e-10
fortran_serial,1,256,rough0.10,0.100000,0.039471,1.8776,8,pcg_jacobi,84,9.638100e-03,8.610000e-05,9.284900e-03,9,1,9.413e-11,2.253e-10
openacc,0,256,rough0.10,0.100000,0.039471,1.8776,8,pcg_jacobi,84,7.980100e-03,3.080000e-05,7.880000e-03,9,1,9.413e-11,2.253e-10
cuda,0,256,rough0.10,0.100000,0.039471,1.8776,8,pcg_jacobi,84,3.874744e-03,9.825000e-06,3.608030e-03,9,1,9.413e-11,2.253e-10
fortran_omp,1,256,rough0.10,0.100000,0.039471,1.8776,8,pcg_rbgs,42,4.982620e-02,4.510000e-05,4.974480e-02,9,1,8.747e-11,2.089e-10
fortran_omp,16,256,rough0.10,0.100000,0.039471,1.8776,8,pcg_rbgs,42,6.164100e-03,4.590000e-05,5.322900e-03,9,1,8.747e-11,2.089e-10
fortran_omp,32,256,rough0.10,0.100000,0.039471,1.8776,8,pcg_rbgs,42,4.065000e-03,6.920000e-05,3.995800e-03,9,3,8.747e-11,2.089e-10
fortran_serial,1,256,rough0.10,0.100000,0.039471,1.8776,8,pcg_rbgs,42,2.494190e-02,4.170000e-05,2.463380e-02,9,1,8.747e-11,2.089e-10
openacc,0,256,rough0.10,0.100000,0.039471,1.8776,8,pcg_rbgs,42,7.651100e-03,1.630000e-05,7.617000e-03,9,1,8.747e-11,2.089e-10
cuda,0,256,rough0.10,0.100000,0.039471,1.8776,8,pcg_rbgs,42,2.689691e-03,6.359000e-06,2.602198e-03,9,1,8.747e-11,2.089e-10
fortran_omp,1,256,rough0.10,0.100000,0.039471,1.8776,8,multigrid,9,2.116710e-02,1.700000e-05,2.114790e-02,9,1,5.237e-11,1.022e-10
fortran_omp,16,256,rough0.10,0.100000,0.039471,1.8776,8,multigrid,9,2.422800e-03,3.590000e-05,2.352900e-03,9,1,5.237e-11,1.022e-10
fortran_omp,32,256,rough0.10,0.100000,0.039471,1.8776,8,multigrid,9,2.368000e-03,3.310000e-05,2.298100e-03,9,1,5.237e-11,1.022e-10
fortran_serial,1,256,rough0.10,0.100000,0.039471,1.8776,8,multigrid,9,1.642090e-02,3.000000e-05,1.633500e-02,9,1,5.237e-11,1.022e-10
openacc,0,256,rough0.10,0.100000,0.039471,1.8776,8,multigrid,9,1.425790e-02,7.290000e-05,1.409510e-02,9,1,5.237e-11,1.022e-10
cuda,0,256,rough0.10,0.100000,0.039471,1.8776,8,multigrid,9,2.461545e-03,1.973000e-06,2.458421e-03,9,1,5.237e-11,1.022e-10
fortran_omp,1,256,rough0.10,0.100000,0.039471,1.8776,32,pcg_jacobi,314,1.715071e-01,6.230000e-05,1.714258e-01,9,1,9.881e-11,4.161e-10
fortran_omp,16,256,rough0.10,0.100000,0.039471,1.8776,32,pcg_jacobi,314,1.719710e-02,1.759000e-04,1.702120e-02,9,2,9.881e-11,4.161e-10
fortran_omp,32,256,rough0.10,0.100000,0.039471,1.8776,32,pcg_jacobi,314,1.563000e-02,4.591000e-04,1.517090e-02,9,4,9.881e-11,4.161e-10
fortran_serial,1,256,rough0.10,0.100000,0.039471,1.8776,32,pcg_jacobi,314,3.432510e-02,6.810000e-05,3.406590e-02,9,1,9.881e-11,4.161e-10
openacc,0,256,rough0.10,0.100000,0.039471,1.8776,32,pcg_jacobi,314,2.949220e-02,6.980000e-05,2.854300e-02,9,1,9.881e-11,4.161e-10
cuda,0,256,rough0.10,0.100000,0.039471,1.8776,32,pcg_jacobi,314,1.440655e-02,1.848700e-05,1.435949e-02,9,1,9.881e-11,4.161e-10
fortran_omp,1,256,rough0.10,0.100000,0.039471,1.8776,32,pcg_rbgs,157,1.849270e-01,4.610000e-05,1.848399e-01,9,1,9.717e-11,4.078e-10
fortran_omp,16,256,rough0.10,0.100000,0.039471,1.8776,32,pcg_rbgs,157,1.739690e-02,2.568000e-04,1.714010e-02,9,1,9.717e-11,4.078e-10
fortran_omp,32,256,rough0.10,0.100000,0.039471,1.8776,32,pcg_rbgs,157,1.529910e-02,3.951000e-04,1.490400e-02,9,4,9.717e-11,4.078e-10
fortran_serial,1,256,rough0.10,0.100000,0.039471,1.8776,32,pcg_rbgs,157,9.329390e-02,3.271000e-04,9.270410e-02,9,1,9.717e-11,4.078e-10
openacc,0,256,rough0.10,0.100000,0.039471,1.8776,32,pcg_rbgs,157,2.821900e-02,7.390000e-05,2.764490e-02,9,1,9.717e-11,4.078e-10
cuda,0,256,rough0.10,0.100000,0.039471,1.8776,32,pcg_rbgs,157,1.001744e-02,2.313500e-05,9.938721e-03,9,1,9.717e-11,4.078e-10
fortran_omp,1,256,rough0.10,0.100000,0.039471,1.8776,32,multigrid,10,2.359200e-02,4.000000e-05,2.353380e-02,9,1,6.691e-11,1.390e-10
fortran_omp,16,256,rough0.10,0.100000,0.039471,1.8776,32,multigrid,10,3.649000e-03,2.380000e-05,3.505300e-03,9,1,6.691e-11,1.390e-10
fortran_omp,32,256,rough0.10,0.100000,0.039471,1.8776,32,multigrid,10,2.640900e-03,5.380000e-05,2.587100e-03,9,4,6.691e-11,1.390e-10
fortran_serial,1,256,rough0.10,0.100000,0.039471,1.8776,32,multigrid,10,1.877000e-02,1.600000e-05,1.873710e-02,9,1,6.691e-11,1.390e-10
openacc,0,256,rough0.10,0.100000,0.039471,1.8776,32,multigrid,10,1.617700e-02,7.410000e-05,1.602190e-02,9,1,6.691e-11,1.390e-10
cuda,0,256,rough0.10,0.100000,0.039471,1.8776,32,multigrid,10,2.729941e-03,1.025600e-05,2.710512e-03,9,1,6.691e-11,1.390e-10
fortran_omp,1,256,rough0.10,0.100000,0.039471,1.8776,128,pcg_jacobi,869,4.734211e-01,8.110000e-05,4.733019e-01,9,1,9.889e-11,3.829e-10
fortran_omp,16,256,rough0.10,0.100000,0.039471,1.8776,128,pcg_jacobi,869,5.357200e-02,7.069000e-04,4.706010e-02,9,1,9.889e-11,3.829e-10
fortran_omp,32,256,rough0.10,0.100000,0.039471,1.8776,128,pcg_jacobi,869,6.947490e-02,1.537210e-02,4.265000e-02,9,4,9.889e-11,3.829e-10
fortran_serial,1,256,rough0.10,0.100000,0.039471,1.8776,128,pcg_jacobi,869,9.844300e-02,8.190000e-05,9.831810e-02,9,1,9.889e-11,3.829e-10
openacc,0,256,rough0.10,0.100000,0.039471,1.8776,128,pcg_jacobi,869,8.159990e-02,4.831000e-04,8.060100e-02,9,1,9.889e-11,3.829e-10
cuda,0,256,rough0.10,0.100000,0.039471,1.8776,128,pcg_jacobi,869,3.975680e-02,6.468800e-05,3.905284e-02,9,1,9.889e-11,3.829e-10
fortran_omp,1,256,rough0.10,0.100000,0.039471,1.8776,128,pcg_rbgs,435,5.144012e-01,1.547000e-04,5.128360e-01,9,1,9.340e-11,3.675e-10
fortran_omp,16,256,rough0.10,0.100000,0.039471,1.8776,128,pcg_rbgs,435,4.980300e-02,5.816900e-03,4.398610e-02,9,4,9.340e-11,3.675e-10
fortran_omp,32,256,rough0.10,0.100000,0.039471,1.8776,128,pcg_rbgs,435,6.850880e-02,1.414390e-02,4.162690e-02,9,4,9.340e-11,3.675e-10
fortran_serial,1,256,rough0.10,0.100000,0.039471,1.8776,128,pcg_rbgs,435,2.581849e-01,4.790000e-04,2.573431e-01,9,1,9.340e-11,3.675e-10
openacc,0,256,rough0.10,0.100000,0.039471,1.8776,128,pcg_rbgs,435,7.810990e-02,2.948000e-04,7.754190e-02,9,1,9.340e-11,3.675e-10
cuda,0,256,rough0.10,0.100000,0.039471,1.8776,128,pcg_rbgs,435,2.757350e-02,5.498300e-05,2.720021e-02,9,1,9.340e-11,3.675e-10
fortran_omp,1,256,rough0.10,0.100000,0.039471,1.8776,128,multigrid,11,2.586510e-02,3.390000e-05,2.580590e-02,9,1,6.312e-11,4.738e-09
fortran_omp,16,256,rough0.10,0.100000,0.039471,1.8776,128,multigrid,11,2.930800e-03,6.860000e-05,2.851000e-03,9,2,6.312e-11,4.738e-09
fortran_omp,32,256,rough0.10,0.100000,0.039471,1.8776,128,multigrid,11,2.902000e-03,5.100000e-05,2.799000e-03,9,2,6.312e-11,4.738e-09
fortran_serial,1,256,rough0.10,0.100000,0.039471,1.8776,128,multigrid,11,2.006200e-02,5.510000e-05,1.998110e-02,9,1,6.312e-11,4.738e-09
openacc,0,256,rough0.10,0.100000,0.039471,1.8776,128,multigrid,11,1.766800e-02,1.221000e-04,1.720590e-02,9,1,6.312e-11,4.738e-09
cuda,0,256,rough0.10,0.100000,0.039471,1.8776,128,multigrid,11,3.002985e-03,1.672000e-06,3.001282e-03,9,1,6.312e-11,4.738e-09
fortran_omp,1,512,rough0.10,0.100000,0.025982,1.8303,2,pcg_jacobi,23,5.015710e-02,6.880000e-05,5.002400e-02,9,1,7.543e-11,9.264e-11
fortran_omp,16,512,rough0.10,0.100000,0.025982,1.8303,2,pcg_jacobi,23,4.581000e-03,2.620000e-05,4.219000e-03,9,1,7.543e-11,9.264e-11
fortran_omp,32,512,rough0.10,0.100000,0.025982,1.8303,2,pcg_jacobi,23,3.189800e-03,9.800000e-06,3.180000e-03,9,1,7.543e-11,9.264e-11
fortran_serial,1,512,rough0.10,0.100000,0.025982,1.8303,2,pcg_jacobi,23,9.308800e-03,7.680000e-05,9.231100e-03,9,1,7.543e-11,9.264e-11
openacc,0,512,rough0.10,0.100000,0.025982,1.8303,2,pcg_jacobi,23,2.484100e-03,1.500000e-05,2.464100e-03,9,1,7.543e-11,9.264e-11
cuda,0,512,rough0.10,0.100000,0.025982,1.8303,2,pcg_jacobi,23,1.473090e-03,8.542000e-06,1.458187e-03,9,1,7.543e-11,9.264e-11
fortran_omp,1,512,rough0.10,0.100000,0.025982,1.8303,2,pcg_rbgs,12,5.688500e-02,1.290000e-04,5.662010e-02,9,1,2.343e-11,2.881e-11
fortran_omp,16,512,rough0.10,0.100000,0.025982,1.8303,2,pcg_rbgs,12,4.787900e-03,5.078000e-04,4.220900e-03,9,2,2.343e-11,2.881e-11
fortran_omp,32,512,rough0.10,0.100000,0.025982,1.8303,2,pcg_rbgs,12,3.731000e-03,4.100000e-05,3.690000e-03,9,2,2.343e-11,2.881e-11
fortran_serial,1,512,rough0.10,0.100000,0.025982,1.8303,2,pcg_rbgs,12,2.765300e-02,6.300000e-05,2.759000e-02,9,1,2.343e-11,2.881e-11
openacc,0,512,rough0.10,0.100000,0.025982,1.8303,2,pcg_rbgs,12,2.475100e-03,1.300000e-05,2.437800e-03,9,1,2.343e-11,2.881e-11
cuda,0,512,rough0.10,0.100000,0.025982,1.8303,2,pcg_rbgs,12,1.323202e-03,2.520900e-05,1.278896e-03,9,1,2.343e-11,2.881e-11
fortran_omp,1,512,rough0.10,0.100000,0.025982,1.8303,2,multigrid,5,4.754090e-02,4.600000e-05,4.735400e-02,9,1,2.468e-11,3.445e-11
fortran_omp,16,512,rough0.10,0.100000,0.025982,1.8303,2,multigrid,5,4.040900e-03,2.590000e-05,4.006900e-03,9,1,2.468e-11,3.445e-11
fortran_omp,32,512,rough0.10,0.100000,0.025982,1.8303,2,multigrid,5,3.955200e-03,3.210000e-05,3.907000e-03,9,3,2.468e-11,3.445e-11
fortran_serial,1,512,rough0.10,0.100000,0.025982,1.8303,2,multigrid,5,3.698620e-02,1.010000e-04,3.688500e-02,9,1,2.468e-11,3.445e-11
openacc,0,512,rough0.10,0.100000,0.025982,1.8303,2,multigrid,5,1.279910e-02,1.279000e-04,1.224000e-02,9,1,2.468e-11,3.445e-11
cuda,0,512,rough0.10,0.100000,0.025982,1.8303,2,multigrid,5,2.009612e-03,6.620000e-07,2.006807e-03,9,1,2.468e-11,3.445e-11
fortran_omp,1,512,rough0.10,0.100000,0.025982,1.8303,8,pcg_jacobi,85,1.850901e-01,1.230000e-04,1.842601e-01,9,1,9.560e-11,2.389e-10
fortran_omp,16,512,rough0.10,0.100000,0.025982,1.8303,8,pcg_jacobi,85,1.760200e-02,1.296000e-03,1.542620e-02,9,2,9.560e-11,2.389e-10
fortran_omp,32,512,rough0.10,0.100000,0.025982,1.8303,8,pcg_jacobi,85,1.203300e-02,3.528000e-04,1.167700e-02,9,4,9.560e-11,2.389e-10
fortran_serial,1,512,rough0.10,0.100000,0.025982,1.8303,8,pcg_jacobi,85,3.434700e-02,1.229000e-04,3.421120e-02,9,1,9.560e-11,2.389e-10
openacc,0,512,rough0.10,0.100000,0.025982,1.8303,8,pcg_jacobi,85,9.075100e-03,5.200000e-05,8.908100e-03,9,1,9.560e-11,2.389e-10
cuda,0,512,rough0.10,0.100000,0.025982,1.8303,8,pcg_jacobi,85,5.355485e-03,8.943000e-06,5.335575e-03,9,1,9.560e-11,2.389e-10
fortran_omp,1,512,rough0.10,0.100000,0.025982,1.8303,8,pcg_rbgs,43,2.022399e-01,1.711000e-04,2.013359e-01,9,1,6.897e-11,1.728e-10
fortran_omp,16,512,rough0.10,0.100000,0.025982,1.8303,8,pcg_rbgs,43,2.255600e-02,2.240000e-04,2.216100e-02,9,1,6.897e-11,1.728e-10
fortran_omp,32,512,rough0.10,0.100000,0.025982,1.8303,8,pcg_rbgs,43,2.174280e-02,4.378400e-03,1.315370e-02,9,4,6.897e-11,1.728e-10
fortran_serial,1,512,rough0.10,0.100000,0.025982,1.8303,8,pcg_rbgs,43,1.007230e-01,1.870000e-04,9.911490e-02,9,1,6.897e-11,1.728e-10
openacc,0,512,rough0.10,0.100000,0.025982,1.8303,8,pcg_rbgs,43,8.817000e-03,4.190000e-05,8.724900e-03,9,1,6.897e-11,1.728e-10
cuda,0,512,rough0.10,0.100000,0.025982,1.8303,8,pcg_rbgs,43,4.728737e-03,1.022600e-05,4.710329e-03,9,1,6.897e-11,1.728e-10
fortran_omp,1,512,rough0.10,0.100000,0.025982,1.8303,8,multigrid,9,8.519220e-02,6.530000e-05,8.500700e-02,9,1,4.917e-11,9.532e-11
fortran_omp,16,512,rough0.10,0.100000,0.025982,1.8303,8,multigrid,9,1.138900e-02,1.559000e-04,7.499200e-03,9,1,4.917e-11,9.532e-11
fortran_omp,32,512,rough0.10,0.100000,0.025982,1.8303,8,multigrid,9,1.234490e-02,1.452700e-03,6.873800e-03,9,3,4.917e-11,9.532e-11
fortran_serial,1,512,rough0.10,0.100000,0.025982,1.8303,8,multigrid,9,6.656910e-02,1.822000e-04,6.634690e-02,9,1,4.917e-11,9.532e-11
openacc,0,512,rough0.10,0.100000,0.025982,1.8303,8,multigrid,9,2.153400e-02,2.850000e-04,2.107690e-02,9,1,4.917e-11,9.532e-11
cuda,0,512,rough0.10,0.100000,0.025982,1.8303,8,multigrid,9,3.601781e-03,1.121000e-06,3.597084e-03,9,1,4.917e-11,9.532e-11
fortran_omp,1,512,rough0.10,0.100000,0.025982,1.8303,32,pcg_jacobi,325,7.036290e-01,3.171000e-04,7.029879e-01,9,1,9.417e-11,4.225e-10
fortran_omp,16,512,rough0.10,0.100000,0.025982,1.8303,32,pcg_jacobi,325,5.950810e-02,3.629900e-03,5.409500e-02,9,4,9.417e-11,4.225e-10
fortran_omp,32,512,rough0.10,0.100000,0.025982,1.8303,32,pcg_jacobi,325,9.627980e-02,3.424780e-02,4.957980e-02,9,4,9.417e-11,4.225e-10
fortran_serial,1,512,rough0.10,0.100000,0.025982,1.8303,32,pcg_jacobi,325,1.312751e-01,6.381000e-04,1.306370e-01,9,1,9.417e-11,4.225e-10
openacc,0,512,rough0.10,0.100000,0.025982,1.8303,32,pcg_jacobi,325,3.432420e-02,1.328000e-04,3.341600e-02,9,1,9.417e-11,4.225e-10
cuda,0,512,rough0.10,0.100000,0.025982,1.8303,32,pcg_jacobi,325,2.028450e-02,4.796200e-05,1.984610e-02,9,1,9.417e-11,4.225e-10
fortran_omp,1,512,rough0.10,0.100000,0.025982,1.8303,32,pcg_rbgs,162,7.605291e-01,3.250000e-04,7.602041e-01,9,1,9.897e-11,4.441e-10
fortran_omp,16,512,rough0.10,0.100000,0.025982,1.8303,32,pcg_rbgs,162,8.000510e-02,7.464900e-03,5.554410e-02,9,4,9.897e-11,4.441e-10
fortran_omp,32,512,rough0.10,0.100000,0.025982,1.8303,32,pcg_rbgs,162,9.439710e-02,1.802490e-02,4.949900e-02,9,4,9.897e-11,4.441e-10
fortran_serial,1,512,rough0.10,0.100000,0.025982,1.8303,32,pcg_rbgs,162,3.801971e-01,1.082200e-03,3.787150e-01,9,1,9.897e-11,4.441e-10
openacc,0,512,rough0.10,0.100000,0.025982,1.8303,32,pcg_rbgs,162,3.286890e-02,9.890000e-05,3.234600e-02,9,1,9.897e-11,4.441e-10
cuda,0,512,rough0.10,0.100000,0.025982,1.8303,32,pcg_rbgs,162,1.768418e-02,1.198900e-05,1.737719e-02,9,1,9.897e-11,4.441e-10
fortran_omp,1,512,rough0.10,0.100000,0.025982,1.8303,32,multigrid,10,9.456800e-02,1.230000e-04,9.427620e-02,9,1,6.330e-11,1.473e-10
fortran_omp,16,512,rough0.10,0.100000,0.025982,1.8303,32,multigrid,10,7.925900e-03,1.680000e-05,7.903100e-03,9,1,6.330e-11,1.473e-10
fortran_omp,32,512,rough0.10,0.100000,0.025982,1.8303,32,multigrid,10,1.397300e-02,1.440000e-04,1.329610e-02,9,1,6.330e-11,1.473e-10
fortran_serial,1,512,rough0.10,0.100000,0.025982,1.8303,32,multigrid,10,7.394500e-02,1.059000e-04,7.371210e-02,9,1,6.330e-11,1.473e-10
openacc,0,512,rough0.10,0.100000,0.025982,1.8303,32,multigrid,10,2.394420e-02,2.120000e-04,2.321610e-02,9,1,6.330e-11,1.473e-10
cuda,0,512,rough0.10,0.100000,0.025982,1.8303,32,multigrid,10,3.996248e-03,2.133000e-06,3.993283e-03,9,1,6.330e-11,1.473e-10
fortran_omp,1,512,rough0.10,0.100000,0.025982,1.8303,128,pcg_jacobi,1105,2.386894e+00,1.009000e-04,2.383337e+00,9,1,9.991e-11,6.256e-10
fortran_omp,16,512,rough0.10,0.100000,0.025982,1.8303,128,pcg_jacobi,1105,2.038479e-01,5.526800e-03,1.979871e-01,9,4,9.991e-11,6.256e-10
fortran_omp,32,512,rough0.10,0.100000,0.025982,1.8303,128,pcg_jacobi,1105,2.603052e-01,2.724160e-02,2.203059e-01,9,4,9.991e-11,6.256e-10
fortran_serial,1,512,rough0.10,0.100000,0.025982,1.8303,128,pcg_jacobi,1105,4.526281e-01,2.503100e-03,4.415650e-01,9,1,9.991e-11,6.256e-10
openacc,0,512,rough0.10,0.100000,0.025982,1.8303,128,pcg_jacobi,1105,1.162091e-01,4.750000e-04,1.156239e-01,9,1,9.991e-11,6.256e-10
cuda,0,512,rough0.10,0.100000,0.025982,1.8303,128,pcg_jacobi,1105,6.928394e-02,1.674540e-04,6.911648e-02,9,1,9.991e-11,6.256e-10
fortran_omp,1,512,rough0.10,0.100000,0.025982,1.8303,128,pcg_rbgs,553,2.593238e+00,3.161900e-03,2.580356e+00,9,1,9.694e-11,6.087e-10
fortran_omp,16,512,rough0.10,0.100000,0.025982,1.8303,128,pcg_rbgs,553,2.544611e-01,1.544910e-02,2.300119e-01,9,4,9.694e-11,6.087e-10
fortran_omp,32,512,rough0.10,0.100000,0.025982,1.8303,128,pcg_rbgs,553,2.839770e-01,2.968690e-02,2.386821e-01,9,4,9.694e-11,6.087e-10
fortran_serial,1,512,rough0.10,0.100000,0.025982,1.8303,128,pcg_rbgs,553,1.288076e+00,1.255100e-03,1.283653e+00,9,1,9.694e-11,6.087e-10
openacc,0,512,rough0.10,0.100000,0.025982,1.8303,128,pcg_rbgs,553,1.111682e-01,4.267000e-04,1.101210e-01,9,1,9.694e-11,6.087e-10
cuda,0,512,rough0.10,0.100000,0.025982,1.8303,128,pcg_rbgs,553,6.019912e-02,7.216900e-05,5.999632e-02,9,1,9.694e-11,6.087e-10
fortran_omp,1,512,rough0.10,0.100000,0.025982,1.8303,128,multigrid,10,9.482500e-02,1.008000e-04,9.455400e-02,9,1,9.939e-11,2.459e-10
fortran_omp,16,512,rough0.10,0.100000,0.025982,1.8303,128,multigrid,10,8.017100e-03,8.320000e-05,7.933900e-03,9,1,9.939e-11,2.459e-10
fortran_omp,32,512,rough0.10,0.100000,0.025982,1.8303,128,multigrid,10,7.809100e-03,1.930000e-04,7.616100e-03,9,4,9.939e-11,2.459e-10
fortran_serial,1,512,rough0.10,0.100000,0.025982,1.8303,128,multigrid,10,7.407600e-02,6.890000e-05,7.387490e-02,9,1,9.939e-11,2.459e-10
openacc,0,512,rough0.10,0.100000,0.025982,1.8303,128,multigrid,10,2.421590e-02,4.521000e-04,2.330020e-02,9,1,9.939e-11,2.459e-10
cuda,0,512,rough0.10,0.100000,0.025982,1.8303,128,multigrid,10,3.997550e-03,2.383000e-06,3.993494e-03,9,1,9.939e-11,2.459e-10
fortran_omp,1,1024,rough0.10,0.100000,0.023585,2.1444,2,pcg_jacobi,23,2.040091e-01,2.960000e-04,2.037131e-01,9,1,6.919e-11,8.503e-11
fortran_omp,16,1024,rough0.10,0.100000,0.023585,2.1444,2,pcg_jacobi,23,1.491780e-02,6.200000e-05,1.485580e-02,9,1,6.919e-11,8.503e-11
fortran_omp,32,1024,rough0.10,0.100000,0.023585,2.1444,2,pcg_jacobi,23,2.258710e-02,3.777000e-03,1.845220e-02,9,4,6.919e-11,8.503e-11
fortran_serial,1,1024,rough0.10,0.100000,0.023585,2.1444,2,pcg_jacobi,23,6.131100e-02,7.310000e-04,6.021590e-02,9,1,6.919e-11,8.503e-11
openacc,0,1024,rough0.10,0.100000,0.023585,2.1444,2,pcg_jacobi,23,3.415900e-03,8.000000e-06,3.380000e-03,9,1,6.919e-11,8.503e-11
cuda,0,1024,rough0.10,0.100000,0.023585,2.1444,2,pcg_jacobi,23,2.843744e-03,1.407200e-05,2.802561e-03,9,1,6.919e-11,8.503e-11
fortran_omp,1,1024,rough0.10,0.100000,0.023585,2.1444,2,pcg_rbgs,12,2.343929e-01,2.066900e-03,2.315850e-01,9,1,2.064e-11,2.534e-11
fortran_omp,16,1024,rough0.10,0.100000,0.023585,2.1444,2,pcg_rbgs,12,2.194880e-02,2.059900e-03,1.907610e-02,9,4,2.064e-11,2.534e-11
fortran_omp,32,1024,rough0.10,0.100000,0.023585,2.1444,2,pcg_rbgs,12,2.251480e-02,7.233800e-03,1.474400e-02,9,4,2.064e-11,2.534e-11
fortran_serial,1,1024,rough0.10,0.100000,0.023585,2.1444,2,pcg_rbgs,12,1.332040e-01,6.261000e-04,1.318259e-01,9,1,2.064e-11,2.534e-11
openacc,0,1024,rough0.10,0.100000,0.023585,2.1444,2,pcg_rbgs,12,3.369000e-03,1.090000e-05,3.339000e-03,9,1,2.064e-11,2.534e-11
cuda,0,1024,rough0.10,0.100000,0.023585,2.1444,2,pcg_rbgs,12,3.240745e-03,1.218900e-05,3.224540e-03,9,1,2.064e-11,2.534e-11
fortran_omp,1,1024,rough0.10,0.100000,0.023585,2.1444,2,multigrid,5,1.975388e-01,1.684000e-04,1.962719e-01,9,1,1.918e-11,2.677e-11
fortran_omp,16,1024,rough0.10,0.100000,0.023585,2.1444,2,multigrid,5,2.485990e-02,3.744000e-04,2.343700e-02,9,1,1.918e-11,2.677e-11
fortran_omp,32,1024,rough0.10,0.100000,0.023585,2.1444,2,multigrid,5,1.539690e-02,3.411000e-04,1.500420e-02,9,4,1.918e-11,2.677e-11
fortran_serial,1,1024,rough0.10,0.100000,0.023585,2.1444,2,multigrid,5,1.615591e-01,1.496700e-03,1.572909e-01,9,1,1.918e-11,2.677e-11
openacc,0,1024,rough0.10,0.100000,0.023585,2.1444,2,multigrid,5,2.187400e-02,6.100000e-05,2.181300e-02,9,1,1.918e-11,2.677e-11
cuda,0,1024,rough0.10,0.100000,0.023585,2.1444,2,multigrid,5,3.924520e-03,8.242000e-06,3.900052e-03,9,1,1.918e-11,2.677e-11
fortran_omp,1,1024,rough0.10,0.100000,0.023585,2.1444,8,pcg_jacobi,85,7.493401e-01,7.958000e-04,7.483640e-01,9,1,9.883e-11,2.464e-10
fortran_omp,16,1024,rough0.10,0.100000,0.023585,2.1444,8,pcg_jacobi,85,6.010410e-02,4.387900e-03,5.354290e-02,9,4,9.883e-11,2.464e-10
fortran_omp,32,1024,rough0.10,0.100000,0.023585,2.1444,8,pcg_jacobi,85,6.720990e-02,1.846190e-02,4.192800e-02,9,4,9.883e-11,2.464e-10
fortran_serial,1,1024,rough0.10,0.100000,0.023585,2.1444,8,pcg_jacobi,85,2.257121e-01,8.048000e-04,2.248799e-01,9,1,9.883e-11,2.464e-10
openacc,0,1024,rough0.10,0.100000,0.023585,2.1444,8,pcg_jacobi,85,1.234290e-02,4.100000e-05,1.220210e-02,9,1,9.883e-11,2.464e-10
cuda,0,1024,rough0.10,0.100000,0.023585,2.1444,8,pcg_jacobi,85,1.054026e-02,7.511000e-06,1.042161e-02,9,1,9.883e-11,2.464e-10
fortran_omp,1,1024,rough0.10,0.100000,0.023585,2.1444,8,pcg_rbgs,43,8.257230e-01,3.041000e-04,8.252291e-01,9,1,7.081e-11,1.771e-10
fortran_omp,16,1024,rough0.10,0.100000,0.023585,2.1444,8,pcg_rbgs,43,8.034710e-02,7.968800e-03,6.533500e-02,9,4,7.081e-11,1.771e-10
fortran_omp,32,1024,rough0.10,0.100000,0.023585,2.1444,8,pcg_rbgs,43,1.003509e-01,1.353900e-02,5.450920e-02,9,4,7.081e-11,1.771e-10
fortran_serial,1,1024,rough0.10,0.100000,0.023585,2.1444,8,pcg_rbgs,43,4.769630e-01,1.806000e-03,4.702759e-01,9,1,7.081e-11,1.771e-10
openacc,0,1024,rough0.10,0.100000,0.023585,2.1444,8,pcg_rbgs,43,1.188090e-02,1.690000e-05,1.178500e-02,9,1,7.081e-11,1.771e-10
cuda,0,1024,rough0.10,0.100000,0.023585,2.1444,8,pcg_rbgs,43,1.143129e-02,2.946400e-05,1.139992e-02,9,1,7.081e-11,1.771e-10
fortran_omp,1,1024,rough0.10,0.100000,0.023585,2.1444,8,multigrid,9,3.542290e-01,1.362000e-03,3.503599e-01,9,1,4.743e-11,9.336e-11
fortran_omp,16,1024,rough0.10,0.100000,0.023585,2.1444,8,multigrid,9,3.423900e-02,6.813900e-03,2.742510e-02,9,4,4.743e-11,9.336e-11
fortran_omp,32,1024,rough0.10,0.100000,0.023585,2.1444,8,multigrid,9,4.806020e-02,1.704190e-02,2.939990e-02,9,4,4.743e-11,9.336e-11
fortran_serial,1,1024,rough0.10,0.100000,0.023585,2.1444,8,multigrid,9,2.888241e-01,1.943100e-03,2.847281e-01,9,1,4.743e-11,9.336e-11
openacc,0,1024,rough0.10,0.100000,0.023585,2.1444,8,multigrid,9,3.646920e-02,1.631000e-04,3.596300e-02,9,1,4.743e-11,9.336e-11
cuda,0,1024,rough0.10,0.100000,0.023585,2.1444,8,multigrid,9,7.024601e-03,7.050000e-06,6.999673e-03,9,1,4.743e-11,9.336e-11
fortran_omp,1,1024,rough0.10,0.100000,0.023585,2.1444,32,pcg_jacobi,324,2.849085e+00,5.470000e-04,2.844777e+00,9,1,9.705e-11,4.914e-10
fortran_omp,16,1024,rough0.10,0.100000,0.023585,2.1444,32,pcg_jacobi,324,2.359112e-01,1.224020e-02,2.220340e-01,9,4,9.705e-11,4.914e-10
fortran_omp,32,1024,rough0.10,0.100000,0.023585,2.1444,32,pcg_jacobi,324,2.899501e-01,3.236870e-02,2.306208e-01,9,4,9.705e-11,4.914e-10
fortran_serial,1,1024,rough0.10,0.100000,0.023585,2.1444,32,pcg_jacobi,324,8.715429e-01,1.719690e-02,8.407211e-01,9,1,9.705e-11,4.914e-10
openacc,0,1024,rough0.10,0.100000,0.023585,2.1444,32,pcg_jacobi,324,4.685280e-02,6.770000e-05,4.618790e-02,9,1,9.705e-11,4.914e-10
cuda,0,1024,rough0.10,0.100000,0.023585,2.1444,32,pcg_jacobi,324,4.008178e-02,7.713700e-05,3.986590e-02,9,1,9.705e-11,4.914e-10
fortran_omp,1,1024,rough0.10,0.100000,0.023585,2.1444,32,pcg_rbgs,162,3.082546e+00,4.551000e-04,3.080954e+00,9,1,9.525e-11,4.822e-10
fortran_omp,16,1024,rough0.10,0.100000,0.023585,2.1444,32,pcg_rbgs,162,2.930631e-01,9.939100e-03,2.804280e-01,9,4,9.525e-11,4.822e-10
fortran_omp,32,1024,rough0.10,0.100000,0.023585,2.1444,32,pcg_rbgs,162,3.480432e-01,3.664120e-02,2.907710e-01,9,4,9.525e-11,4.822e-10
fortran_serial,1,1024,rough0.10,0.100000,0.023585,2.1444,32,pcg_rbgs,162,1.790068e+00,4.536200e-03,1.763790e+00,9,1,9.525e-11,4.822e-10
openacc,0,1024,rough0.10,0.100000,0.023585,2.1444,32,pcg_rbgs,162,4.461010e-02,2.500000e-05,4.404710e-02,9,1,9.525e-11,4.822e-10
cuda,0,1024,rough0.10,0.100000,0.023585,2.1444,32,pcg_rbgs,162,4.354752e-02,4.934500e-05,4.317910e-02,9,1,9.525e-11,4.822e-10
fortran_omp,1,1024,rough0.10,0.100000,0.023585,2.1444,32,multigrid,10,4.109859e-01,1.389000e-03,4.088211e-01,9,1,6.468e-11,1.543e-10
fortran_omp,16,1024,rough0.10,0.100000,0.023585,2.1444,32,multigrid,10,3.991600e-02,9.061000e-03,3.057810e-02,9,4,6.468e-11,1.543e-10
fortran_omp,32,1024,rough0.10,0.100000,0.023585,2.1444,32,multigrid,10,4.753520e-02,8.314600e-03,2.916000e-02,9,4,6.468e-11,1.543e-10
fortran_serial,1,1024,rough0.10,0.100000,0.023585,2.1444,32,multigrid,10,3.193510e-01,1.854100e-03,3.137848e-01,9,1,6.468e-11,1.543e-10
openacc,0,1024,rough0.10,0.100000,0.023585,2.1444,32,multigrid,10,4.010210e-02,7.520000e-05,3.966600e-02,9,1,6.468e-11,1.543e-10
cuda,0,1024,rough0.10,0.100000,0.023585,2.1444,32,multigrid,10,7.820696e-03,6.791000e-06,7.796640e-03,9,1,6.468e-11,1.543e-10
fortran_omp,1,1024,rough0.10,0.100000,0.023585,2.1444,128,pcg_jacobi,1196,1.051604e+01,2.175180e-02,1.049269e+01,9,1,9.926e-11,9.206e-10
fortran_omp,16,1024,rough0.10,0.100000,0.023585,2.1444,128,pcg_jacobi,1196,8.860951e-01,4.312700e-03,8.783560e-01,9,1,9.926e-11,9.206e-10
fortran_omp,32,1024,rough0.10,0.100000,0.023585,2.1444,128,pcg_jacobi,1196,1.030009e+00,3.786900e-02,9.803180e-01,9,4,9.926e-11,9.206e-10
fortran_serial,1,1024,rough0.10,0.100000,0.023585,2.1444,128,pcg_jacobi,1196,3.183642e+00,9.418000e-03,3.140272e+00,9,1,9.926e-11,9.206e-10
openacc,0,1024,rough0.10,0.100000,0.023585,2.1444,128,pcg_jacobi,1196,1.723349e-01,1.590000e-04,1.718121e-01,9,1,9.926e-11,9.206e-10
cuda,0,1024,rough0.10,0.100000,0.023585,2.1444,128,pcg_jacobi,1196,1.479554e-01,1.368970e-04,1.476500e-01,9,1,9.926e-11,9.206e-10
fortran_omp,1,1024,rough0.10,0.100000,0.023585,2.1444,128,pcg_rbgs,598,1.142105e+01,1.762030e-02,1.139357e+01,9,1,9.877e-11,9.161e-10
fortran_omp,16,1024,rough0.10,0.100000,0.023585,2.1444,128,pcg_rbgs,598,1.091792e+00,2.209180e-02,1.069700e+00,9,4,9.877e-11,9.161e-10
fortran_omp,32,1024,rough0.10,0.100000,0.023585,2.1444,128,pcg_rbgs,598,1.312916e+00,2.473690e-02,1.278595e+00,9,1,9.877e-11,9.161e-10
fortran_serial,1,1024,rough0.10,0.100000,0.023585,2.1444,128,pcg_rbgs,598,6.446000e+00,1.489210e-02,6.431108e+00,9,1,9.877e-11,9.161e-10
openacc,0,1024,rough0.10,0.100000,0.023585,2.1444,128,pcg_rbgs,598,1.640930e-01,4.270000e-04,1.635030e-01,9,1,9.877e-11,9.161e-10
cuda,0,1024,rough0.10,0.100000,0.023585,2.1444,128,pcg_rbgs,598,1.607545e-01,7.916000e-05,1.606586e-01,9,1,9.877e-11,9.161e-10
fortran_omp,1,1024,rough0.10,0.100000,0.023585,2.1444,128,multigrid,11,4.317611e-01,9.380000e-04,4.301350e-01,9,1,1.303e-11,2.951e-11
fortran_omp,16,1024,rough0.10,0.100000,0.023585,2.1444,128,multigrid,11,4.469800e-02,8.412800e-03,3.299810e-02,9,4,1.303e-11,2.951e-11
fortran_omp,32,1024,rough0.10,0.100000,0.023585,2.1444,128,multigrid,11,4.350300e-02,1.118010e-02,3.232290e-02,9,4,1.303e-11,2.951e-11
fortran_serial,1,1024,rough0.10,0.100000,0.023585,2.1444,128,multigrid,11,3.611040e-01,1.129100e-03,3.568060e-01,9,1,1.303e-11,2.951e-11
openacc,0,1024,rough0.10,0.100000,0.023585,2.1444,128,multigrid,11,4.381400e-02,2.660000e-04,4.333590e-02,9,1,1.303e-11,2.951e-11
cuda,0,1024,rough0.10,0.100000,0.023585,2.1444,128,multigrid,11,8.598713e-03,1.284900e-05,8.543260e-03,9,1,1.303e-11,2.951e-11
